update,timesteps,games,games_in_rollout,elapsed_s,steps_per_s,rollout_s,update_s,wait_s,win_rate,win_rate_us,win_rate_ussr,draw_rate,win_rate_vs_pool,win_rate_vs_anchor,ep_len_mean,turn_mean,vp_mean,entropy,k_valid,entropy_ratio,k_eff,approx_kl,clip_fraction,explained_variance,policy_loss,value_loss,entropy_loss,pool_size,anchor
1,8192,29,29,1.5,5984.2,1.4,7.3,0.31,,,,,,,89.8,1.52,,1.8235,9.52,0.8094,6.19,0.0,0.0,-0.0068,-0.0002,0.0344,-1.7189,0,random
2,16384,72,43,10.5,5377.6,1.5,7.6,0.34,,,,,,,142.0,2.44,,1.8017,10.12,0.7784,6.06,0.0001,0.0,0.0071,-0.0005,0.0413,-1.6807,0,random
3,24576,109,37,19.7,5473.7,1.5,7.7,0.33,,,,,,,175.8,3.16,,1.8129,10.12,0.7833,6.13,0.0007,0.0008,0.0301,-0.0012,0.0402,-1.6782,0,random
4,32768,153,44,29.1,5535.7,1.5,7.4,0.33,,,,,,,212.1,3.75,,1.7584,9.38,0.7853,5.8,0.0011,0.0016,0.0249,-0.0015,0.0453,-1.6579,0,random
5,40960,185,32,38.3,4929.0,1.7,7.4,0.59,,,,,,,213.2,3.88,,1.7521,9.71,0.7709,5.77,0.0036,0.0108,0.1405,-0.0023,0.0331,-1.6463,0,random
6,49152,212,27,47.2,5937.7,1.4,7.2,0.35,,,,,,,229.2,4.22,,1.7493,9.86,0.7643,5.75,0.0051,0.0268,0.1504,-0.0031,0.03,-1.6469,1,random
7,57344,241,29,56.6,4079.0,2.0,7.3,0.86,1.0,,1.0,0.0,1.0,,278.4,5.0,8.0,1.7713,10.51,0.7531,5.88,0.0051,0.0298,0.308,-0.0034,0.0289,-1.6618,1,random
8,65536,273,32,66.4,3366.3,2.4,7.2,1.25,0.75,0.6667,1.0,0.0,0.75,,250.5,5.06,-7.62,1.7743,10.61,0.7513,5.9,0.0052,0.0199,0.3044,-0.003,0.0317,-1.6549,1,random
9,73728,300,27,76.1,3560.6,2.3,7.2,1.17,0.5714,0.4,1.0,0.0,0.5714,,289.7,5.56,3.86,1.7439,10.21,0.7505,5.72,0.0038,0.0164,0.4354,-0.0032,0.0259,-1.6628,1,random
10,81920,338,38,86.1,3061.4,2.7,7.4,1.51,0.6154,0.375,1.0,0.0,0.6154,,247.3,5.37,-4.38,1.7553,10.64,0.7422,5.79,0.0047,0.0226,0.552,-0.0035,0.0255,-1.6337,1,random
11,90112,374,36,96.9,2506.4,3.3,7.6,2.0,0.8889,0.75,1.0,0.0,0.8889,,250.1,4.92,-0.56,1.7057,9.76,0.7488,5.5,0.004,0.0295,0.5608,-0.0036,0.0312,-1.605,2,random
12,98304,405,31,107.9,2502.5,3.3,7.6,1.99,0.4348,0.25,0.6364,0.0,0.4348,,192.5,5.35,-5.09,1.7267,10.61,0.7312,5.62,0.0044,0.0251,0.6262,-0.003,0.026,-1.6488,2,random
13,106496,437,32,118.5,2813.5,2.9,7.3,1.68,0.4545,0.6667,0.375,0.0909,0.4545,,295.4,6.06,3.64,1.7291,10.2,0.7444,5.64,0.0036,0.0268,0.714,-0.0029,0.03,-1.6204,2,random
14,114688,474,37,129.0,2767.2,3.0,7.4,1.75,0.7059,0.3333,0.9091,0.0,0.7059,,224.9,5.05,8.06,1.6497,9.12,0.7464,5.21,0.0032,0.0193,0.7623,-0.0028,0.0272,-1.559,2,random
15,122880,507,33,139.5,2716.7,3.0,7.3,1.87,0.3333,0.2,0.4286,0.0,0.3333,,252.5,5.45,-2.08,1.6956,9.95,0.7381,5.45,0.0041,0.0321,0.7579,-0.0033,0.0269,-1.6018,2,random
16,131072,538,31,149.8,2851.1,2.9,7.2,1.69,0.5882,0.6667,0.5,0.0,0.5882,,242.8,6.0,-2.29,1.7073,10.47,0.7269,5.51,0.0033,0.0204,0.7601,-0.0035,0.0284,-1.5971,3,random
17,139264,569,31,160.6,2414.8,3.4,7.3,2.1,0.5333,0.4286,0.625,0.0,0.5333,,265.3,5.94,1.0,1.7351,10.65,0.7336,5.67,0.0028,0.0127,0.7847,-0.0022,0.026,-1.6145,3,random
18,147456,599,30,171.4,2410.1,3.4,7.1,2.21,0.4706,0.25,0.6667,0.0,0.4706,,234.2,5.6,0.65,1.6531,9.7,0.7277,5.22,0.004,0.0262,0.8386,-0.0029,0.0243,-1.5751,3,random
19,155648,639,40,182.3,2291.6,3.6,7.6,2.36,0.5909,0.2727,0.9091,0.0,0.5909,,262.6,6.38,-1.27,1.6676,9.75,0.7322,5.3,0.0031,0.0154,0.817,-0.0035,0.0296,-1.5993,3,random
20,163840,679,40,193.4,2503.5,3.3,7.1,1.99,0.35,0.1818,0.5556,0.0,0.35,,253.4,5.95,-0.05,1.6675,9.69,0.7342,5.3,0.0043,0.0197,0.82,-0.0032,0.0297,-1.5934,3,random
21,172032,714,35,204.3,2259.6,3.6,7.3,2.4,0.6471,0.6667,0.6429,0.0,0.6471,,211.1,4.86,4.88,1.6755,9.96,0.729,5.34,0.0031,0.0165,0.7599,-0.0034,0.0322,-1.5722,4,random
22,180224,746,32,215.1,2384.7,3.4,7.3,2.26,0.65,0.4286,0.7692,0.0,0.65,,226.8,5.91,4.0,1.601,9.11,0.7247,4.96,0.0042,0.0378,0.8012,-0.004,0.0281,-1.523,4,random
23,188416,781,35,226.2,2272.7,3.6,7.3,2.42,0.5833,0.4615,0.7273,0.0,0.5833,,216.0,6.06,-0.71,1.6741,10.3,0.7179,5.33,0.0035,0.0317,0.8156,-0.0034,0.0272,-1.5535,4,random
24,196608,819,38,237.0,2424.0,3.4,7.5,2.21,0.4286,0.3846,0.5,0.0,0.4286,,229.8,5.82,0.38,1.6397,9.92,0.7146,5.15,0.0038,0.0327,0.7594,-0.0041,0.0367,-1.5772,4,random
25,204800,855,36,248.1,2386.1,3.4,7.4,2.2,0.7143,0.3333,1.0,0.0,0.7143,,216.4,5.47,1.43,1.6697,10.0,0.7251,5.31,0.0039,0.0399,0.8181,-0.0045,0.0275,-1.5606,4,random
26,212992,896,41,258.7,2611.7,3.1,7.3,1.95,0.3333,0.2,0.4545,0.0,0.3333,,239.1,5.73,-4.86,1.6247,9.76,0.7133,5.08,0.0035,0.0302,0.8192,-0.0039,0.0306,-1.5536,5,random
27,221184,920,24,269.2,2647.7,3.1,7.1,1.91,0.2727,0.1667,0.4,0.0,0.2727,,221.6,5.58,-7.09,1.6376,9.84,0.7162,5.14,0.0041,0.0273,0.8544,-0.0044,0.0247,-1.5447,5,random
28,229376,955,35,279.7,2592.1,3.2,7.2,1.98,0.5882,0.3333,0.875,0.0,0.5882,,257.0,6.06,-0.88,1.6515,9.92,0.7198,5.21,0.0033,0.0242,0.8856,-0.0036,0.0244,-1.549,5,random
29,237568,979,24,290.0,2750.0,3.0,7.3,1.87,0.5,0.4,0.5714,0.0,0.5,,227.8,5.38,-2.92,1.5939,9.75,0.6999,4.92,0.0039,0.027,0.8818,-0.0046,0.0211,-1.5159,5,random
30,245760,1015,36,300.9,2432.3,3.4,7.3,2.18,0.4667,0.4286,0.5,0.0,0.4667,,308.1,6.86,5.33,1.6361,10.05,0.7091,5.14,0.0038,0.0282,0.8153,-0.0039,0.0306,-1.5364,5,random
31,253952,1050,35,312.1,2208.3,3.7,7.3,2.53,0.6875,0.6,0.8333,0.0,0.6875,,228.2,5.37,4.38,1.6206,9.71,0.7128,5.06,0.0029,0.0218,0.7997,-0.0033,0.0368,-1.5388,6,random
32,262144,1090,40,323.3,2171.4,3.8,7.3,2.59,0.5556,0.4118,0.8,0.0,0.5556,,213.8,5.88,4.52,1.624,9.98,0.7058,5.07,0.0026,0.0124,0.7788,-0.0029,0.0363,-1.5206,6,random
33,270336,1129,39,334.7,2068.3,4.0,7.3,2.74,0.3913,0.1429,0.7778,0.0,0.3913,,262.0,6.56,-0.74,1.6196,9.65,0.7144,5.05,0.0039,0.0339,0.8308,-0.0043,0.0278,-1.5177,6,random
34,278528,1160,31,345.6,2335.5,3.5,7.5,2.33,0.5238,0.4615,0.625,0.0,0.5238,,223.5,5.84,-0.29,1.6022,10.13,0.6919,4.96,0.0049,0.0321,0.8256,-0.0038,0.0297,-1.4814,6,random
35,286720,1187,27,356.6,2406.1,3.4,7.4,2.24,0.5,0.3333,0.6,0.0,0.5,,238.4,6.11,1.12,1.5642,9.95,0.6809,4.78,0.005,0.046,0.8189,-0.0055,0.0303,-1.4705,6,random
36,294912,1222,35,367.5,2469.9,3.3,7.0,2.14,0.5556,0.2222,0.8889,0.0,0.5556,,251.7,6.11,0.39,1.6196,10.57,0.6869,5.05,0.0042,0.0443,0.8693,-0.0036,0.0249,-1.4921,7,random
37,303104,1261,39,378.1,2391.5,3.4,7.1,2.23,0.4762,0.3333,0.5833,0.0,0.4762,,238.0,6.05,4.48,1.5192,9.44,0.6766,4.57,0.0057,0.0375,0.7987,-0.0054,0.0462,-1.47,7,random
38,311296,1293,32,389.0,2293.2,3.6,7.4,2.36,0.7333,0.6,1.0,0.0,0.7333,,225.6,5.44,1.0,1.5254,9.13,0.6898,4.6,0.0059,0.0459,0.8435,-0.0049,0.034,-1.4496,7,random
39,319488,1334,41,400.1,2329.4,3.5,7.5,2.31,0.68,0.4615,0.9167,0.0,0.68,,231.5,6.12,3.4,1.5488,9.92,0.6751,4.71,0.0049,0.0373,0.8677,-0.0051,0.0304,-1.4908,7,random
40,327680,1369,35,411.2,2341.9,3.5,7.2,2.28,0.5789,0.4545,0.75,0.0,0.5789,,213.5,5.49,4.05,1.5501,9.75,0.6808,4.71,0.0038,0.0381,0.8653,-0.0057,0.029,-1.4542,7,random
41,335872,1400,31,422.2,2266.1,3.6,7.2,2.39,0.5385,0.2,0.75,0.0769,0.5385,,278.3,6.81,3.62,1.5106,9.54,0.6697,4.53,0.0041,0.0353,0.9013,-0.0044,0.0216,-1.4599,8,random
42,344064,1432,32,433.1,2329.4,3.5,7.5,2.33,0.4615,0.25,0.8,0.0,0.4615,,249.1,6.09,-3.85,1.5685,9.92,0.6836,4.8,0.0032,0.0233,0.861,-0.0048,0.0303,-1.4597,8,random
43,352256,1466,34,444.0,2437.7,3.4,7.4,2.19,0.619,0.5714,0.6429,0.0,0.619,,220.5,6.15,1.14,1.5616,9.77,0.685,4.77,0.0044,0.0326,0.8311,-0.0051,0.0333,-1.4761,8,random
44,360448,1496,30,455.2,2273.8,3.6,7.4,2.38,0.4,0.125,0.7143,0.0667,0.4,,255.9,6.37,0.33,1.5633,10.48,0.6653,4.77,0.0037,0.0317,0.8791,-0.005,0.0237,-1.4693,8,random
45,368640,1535,39,466.2,2320.6,3.5,7.5,2.32,0.5238,0.25,0.6923,0.0,0.5238,,245.3,6.33,2.67,1.5502,9.84,0.6779,4.71,0.0045,0.0403,0.8114,-0.0062,0.0404,-1.4509,8,random
46,376832,1571,36,477.4,2311.2,3.5,7.2,2.33,0.7143,0.4444,0.9167,0.0,0.7143,,215.2,5.81,6.81,1.5331,9.77,0.6726,4.63,0.0062,0.0482,0.8783,-0.0053,0.0264,-1.4216,9,random
47,385024,1610,39,488.5,2161.6,3.8,7.4,2.57,0.8,0.5556,1.0,0.0,0.8,,249.3,6.23,4.4,1.5018,9.41,0.67,4.49,0.0054,0.0453,0.8535,-0.0057,0.0342,-1.3987,9,random
48,393216,1650,40,499.8,2195.0,3.7,7.3,2.45,0.6154,0.4118,1.0,0.0,0.6154,,193.1,5.45,1.38,1.4987,9.44,0.6675,4.48,0.0037,0.0333,0.8197,-0.0059,0.0386,-1.3975,9,random
49,401408,1688,38,510.4,2571.3,3.2,7.3,2.03,0.6111,0.5556,0.6667,0.0,0.6111,,238.7,5.97,6.22,1.4722,9.25,0.6617,4.36,0.0052,0.0361,0.7673,-0.0058,0.0506,-1.3728,9,random
50,409600,1717,29,521.3,2425.9,3.4,7.3,2.19,0.625,0.5,0.75,0.0,0.625,,198.4,5.31,1.81,1.4754,9.92,0.6429,4.37,0.0056,0.0455,0.8726,-0.0059,0.0232,-1.3739,9,random
51,417792,1757,40,532.0,2499.0,3.3,7.3,2.1,0.5625,0.4444,0.7143,0.0,0.5625,,243.3,6.15,2.31,1.4311,9.38,0.6393,4.18,0.0049,0.0362,0.7914,-0.0057,0.0458,-1.3367,10,random
52,425984,1794,37,542.9,2410.5,3.4,7.3,2.23,0.2632,0.1667,0.4286,0.0526,0.2632,,194.7,5.24,-5.0,1.4498,9.43,0.6463,4.26,0.0061,0.0554,0.8329,-0.0056,0.0359,-1.3572,10,random
53,434176,1828,34,553.7,2487.3,3.3,7.3,2.16,0.375,0.5,0.25,0.0,0.375,,214.4,5.62,6.62,1.4274,9.45,0.6357,4.17,0.0047,0.0453,0.7534,-0.0052,0.0485,-1.3569,10,random
54,442368,1868,40,564.2,2639.8,3.1,7.3,1.92,0.7,0.7,0.7,0.0,0.7,,246.0,6.4,3.55,1.3931,8.8,0.6406,4.03,0.0074,0.0594,0.7897,-0.0063,0.0321,-1.3129,10,random
55,450560,1900,32,575.0,2443.6,3.4,7.3,2.16,0.3333,0.0,0.8,0.0,0.3333,,231.5,5.81,2.75,1.3874,9.22,0.6247,4.0,0.0067,0.0607,0.8248,-0.0061,0.0306,-1.3052,10,random
56,458752,1944,44,585.8,2393.6,3.4,7.1,2.22,0.4231,0.2308,0.6154,0.0,0.4231,,190.5,5.23,-0.38,1.3788,8.87,0.6318,3.97,0.0073,0.0687,0.7876,-0.007,0.044,-1.3093,11,random
57,466944,1980,36,596.3,2541.0,3.2,7.1,2.0,0.75,0.4286,1.0,0.0,0.75,,238.9,5.83,6.5,1.3429,8.87,0.6153,3.83,0.0061,0.0571,0.7889,-0.0072,0.0344,-1.2829,11,random
58,475136,2013,33,607.3,2215.7,3.7,7.3,2.53,0.7857,0.5,0.9,0.0,0.7857,,240.7,5.94,8.0,1.3279,8.91,0.607,3.77,0.0061,0.0733,0.8091,-0.0053,0.0298,-1.2339,11,random
59,483328,2051,38,618.2,2337.2,3.5,7.3,2.3,0.5,0.4167,0.6667,0.0,0.5,,229.6,6.08,1.89,1.3794,9.17,0.6226,3.97,0.0049,0.0374,0.7263,-0.0063,0.0374,-1.2681,11,random
60,491520,2089,38,629.4,2237.5,3.7,7.2,2.5,0.5263,0.2857,0.6667,0.0,0.5263,,225.6,6.18,1.95,1.3366,8.65,0.6196,3.81,0.0069,0.0738,0.6846,-0.0054,0.0378,-1.2564,11,random
61,499712,2127,38,640.4,2257.4,3.6,7.1,2.45,0.72,0.6429,0.8182,0.0,0.72,,220.0,6.61,5.84,1.3461,9.53,0.5972,3.84,0.0048,0.0457,0.7867,-0.0062,0.0312,-1.2601,12,random
62,507904,2167,40,650.9,2528.7,3.2,7.0,2.06,0.4762,0.3077,0.75,0.0,0.4762,,198.7,5.45,-2.38,1.321,8.65,0.6124,3.75,0.0059,0.0508,0.7538,-0.0061,0.0372,-1.2545,12,random
63,516096,2193,26,660.8,2930.9,2.8,7.2,1.67,0.8462,0.6,1.0,0.0,0.8462,,240.7,6.31,15.92,1.2845,9.24,0.5777,3.61,0.0066,0.0618,0.7945,-0.0064,0.0247,-1.2095,12,random
64,524288,2231,38,671.4,2571.2,3.2,6.9,2.06,0.7333,0.7143,0.75,0.0,0.7333,,229.4,5.82,2.07,1.3399,9.9,0.5846,3.82,0.0077,0.0741,0.641,-0.0064,0.0447,-1.2567,12,random
65,532480,2257,26,681.5,2628.2,3.1,6.9,2.01,0.6,0.5,0.6667,0.0,0.6,,229.0,6.31,4.33,1.3154,9.42,0.5865,3.73,0.0079,0.0762,0.7962,-0.0072,0.0239,-1.2336,12,random
66,540672,2293,36,692.1,2345.1,3.5,7.0,2.33,0.6875,0.5,0.875,0.0,0.6875,,281.1,6.78,1.31,1.3247,9.49,0.5887,3.76,0.0057,0.0589,0.6473,-0.0064,0.041,-1.2412,13,random
67,548864,2334,41,702.8,2335.8,3.5,6.9,2.37,0.52,0.3333,0.6923,0.0,0.52,,224.9,6.51,2.12,1.3439,9.39,0.6,3.83,0.0071,0.0541,0.7406,-0.0074,0.0353,-1.2416,13,random
68,557056,2379,45,713.0,2511.7,3.3,6.9,2.09,0.85,0.75,1.0,0.0,0.85,,236.1,6.07,6.35,1.3464,8.94,0.6146,3.84,0.0075,0.0769,0.5057,-0.0075,0.0527,-1.281,13,random
69,565248,2407,28,722.9,2879.8,2.8,7.0,1.77,0.3529,0.3077,0.5,0.0,0.3529,,156.2,4.93,-2.0,1.2989,8.96,0.5923,3.67,0.0075,0.0779,0.675,-0.0081,0.0294,-1.238,13,random
70,573440,2437,30,733.1,2730.0,3.0,7.3,1.85,0.5,0.4286,0.6667,0.0,0.5,,261.6,6.23,-1.3,1.3437,9.48,0.5974,3.83,0.0065,0.0632,0.7507,-0.0059,0.0251,-1.25,13,random
71,581632,2469,32,743.6,2708.9,3.0,7.2,1.87,0.6429,0.5714,0.7143,0.0,0.6429,,285.5,7.16,7.64,1.3104,9.13,0.5925,3.71,0.0052,0.0531,0.7327,-0.0063,0.0328,-1.2235,14,random
72,589824,2508,39,754.6,2244.8,3.6,7.3,2.48,0.8095,0.8,0.8182,0.0,0.8095,,222.1,6.05,7.05,1.2864,8.72,0.594,3.62,0.0065,0.0488,0.7258,-0.0072,0.0347,-1.2197,14,random
73,598016,2543,35,765.8,2179.8,3.8,7.5,2.6,0.55,0.3333,0.875,0.0,0.55,,218.1,6.09,3.25,1.3047,9.35,0.5837,3.69,0.0079,0.0793,0.6537,-0.0068,0.0355,-1.2325,14,random
74,606208,2589,46,776.9,2379.0,3.4,7.2,2.29,0.7241,0.5,0.8095,0.0,0.7241,,220.0,6.2,7.86,1.3126,9.01,0.5972,3.72,0.0076,0.0572,0.7251,-0.0071,0.0373,-1.2109,14,random
75,614400,2631,42,787.5,2554.0,3.2,7.3,2.04,0.7,0.4545,1.0,0.0,0.7,,218.0,5.88,4.0,1.3056,8.8,0.6003,3.69,0.009,0.078,0.7633,-0.0063,0.0348,-1.2083,14,random
76,622592,2662,31,797.9,2701.5,3.0,7.1,1.88,0.6,0.5,0.6667,0.0,0.6,,197.7,4.97,6.1,1.272,8.95,0.5804,3.57,0.009,0.0703,0.7702,-0.007,0.035,-1.1559,15,random
77,630784,2701,39,808.5,2501.5,3.3,7.2,2.09,0.6316,0.5,0.7273,0.0,0.6316,,200.6,5.54,7.63,1.268,9.27,0.5693,3.55,0.0077,0.0697,0.7038,-0.0073,0.0437,-1.1839,15,random
78,638976,2739,38,818.9,2701.2,3.0,7.2,1.77,0.6111,0.375,0.8,0.0,0.6111,,204.3,5.55,6.44,1.2586,8.87,0.5767,3.52,0.0108,0.0767,0.7681,-0.0048,0.0342,-1.1719,15,random
79,647168,2774,35,829.6,2475.5,3.3,7.2,2.07,0.6667,0.7143,0.625,0.0,0.6667,,225.7,5.4,12.0,1.2716,9.2,0.5731,3.57,0.0074,0.0653,0.7074,-0.0071,0.0395,-1.1443,15,random
80,655360,2809,35,840.0,2721.9,3.0,7.3,1.82,0.6471,0.6364,0.6667,0.0,0.6471,,236.6,6.03,3.53,1.1936,8.29,0.5643,3.3,0.0081,0.0831,0.7381,-0.007,0.0372,-1.1206,15,random
81,663552,2856,47,851.0,2285.4,3.6,7.3,2.41,0.6522,0.6667,0.6364,0.0,0.6522,,206.6,5.53,8.3,1.2059,8.93,0.5507,3.34,0.0071,0.0597,0.7065,-0.0073,0.045,-1.1316,16,random
82,671744,2906,50,862.0,2271.3,3.6,7.4,2.41,0.6538,0.625,0.7,0.0,0.6538,,208.8,5.4,6.65,1.2234,8.88,0.5601,3.4,0.0065,0.0588,0.686,-0.0064,0.0494,-1.1372,16,random
83,679936,2944,38,873.3,2163.9,3.8,7.3,2.6,0.7826,0.7143,0.8889,0.0,0.7826,,182.4,5.55,10.3,1.1747,8.31,0.5546,3.24,0.012,0.0848,0.7514,-0.0043,0.0427,-1.0978,16,random
84,688128,2988,44,884.4,2269.0,3.6,7.3,2.4,0.65,0.5385,0.8571,0.0,0.65,,196.6,5.34,5.15,1.2694,9.37,0.5674,3.56,0.007,0.0492,0.7091,-0.0067,0.0411,-1.159,16,random
85,696320,3029,41,895.2,2419.3,3.4,7.3,2.17,0.6471,0.5,0.7273,0.0,0.6471,,194.0,5.2,4.59,1.209,8.32,0.5706,3.35,0.0076,0.0761,0.6833,-0.0078,0.0401,-1.1343,16,random
86,704512,3076,47,906.0,2471.8,3.3,7.4,2.11,0.7037,0.4444,0.8333,0.0,0.7037,,167.8,5.06,6.67,1.2568,9.31,0.5634,3.51,0.0086,0.0768,0.6896,-0.0057,0.0391,-1.1558,17,random
87,712704,3109,33,916.6,2642.0,3.1,7.4,1.93,0.8125,0.8,0.8333,0.0,0.8125,,209.1,5.52,8.0,1.1647,8.16,0.5549,3.2,0.0069,0.0695,0.738,-0.0071,0.0362,-1.0835,17,random
88,720896,3160,51,927.4,2512.1,3.3,7.3,2.07,0.7143,0.5556,0.8333,0.0,0.7143,,182.8,4.67,8.76,1.2264,8.63,0.5692,3.41,0.009,0.0684,0.7298,-0.0077,0.0469,-1.1155,17,random
89,729088,3204,44,938.1,2560.8,3.2,7.3,2.0,0.75,0.8,0.7,0.0,0.75,,164.6,4.5,10.6,1.1663,8.42,0.5473,3.21,0.0077,0.0742,0.6975,-0.0082,0.0542,-1.1139,17,random
90,737280,3257,53,949.0,2371.8,3.5,7.2,2.26,0.9091,0.9167,0.9,0.0,0.9091,,187.5,4.66,5.95,1.196,8.37,0.563,3.31,0.0072,0.0757,0.7654,-0.0065,0.0415,-1.1179,17,random
91,745472,3306,49,959.9,2287.8,3.6,7.3,2.35,0.8519,0.7273,0.9375,0.0,0.8519,,175.5,4.88,12.33,1.2523,9.63,0.553,3.5,0.0084,0.0743,0.7537,-0.0075,0.0478,-1.1324,18,random
92,753664,3339,33,970.5,2617.0,3.1,7.4,2.0,0.8333,0.875,0.8,0.0,0.8333,,173.2,4.64,8.78,1.169,8.92,0.5343,3.22,0.0065,0.0531,0.7697,-0.0073,0.0419,-1.1139,18,random
93,761856,3373,34,981.0,2804.6,2.9,7.2,1.76,0.6667,0.5,0.75,0.0,0.6667,,223.1,5.68,12.5,1.1665,8.73,0.5385,3.21,0.0078,0.0626,0.7642,-0.0082,0.0378,-1.0965,18,random
94,770048,3414,41,991.7,2448.4,3.3,7.3,2.21,0.5,0.4545,0.5556,0.0,0.5,,202.8,5.15,6.6,1.2131,9.63,0.5357,3.36,0.0078,0.0908,0.6953,-0.0056,0.0467,-1.1292,18,random
95,778240,3468,54,1002.6,2328.0,3.5,7.5,2.31,0.7742,0.6364,0.85,0.0,0.7742,,175.7,4.8,6.61,1.268,9.52,0.5628,3.55,0.0071,0.0817,0.5211,-0.0069,0.0576,-1.1564,18,random
96,786432,3513,45,1013.6,2502.8,3.3,7.3,2.13,0.8846,0.7857,1.0,0.0,0.8846,,214.5,5.33,9.42,1.205,8.98,0.5491,3.34,0.0076,0.0822,0.6015,-0.0079,0.0433,-1.1073,19,random
97,794624,3558,45,1024.6,2289.2,3.6,7.7,2.4,0.75,0.7857,0.7143,0.0,0.75,,164.3,4.6,9.36,1.2489,10.02,0.5418,3.49,0.0072,0.0608,0.5936,-0.0076,0.0536,-1.1582,19,random
98,802816,3605,47,1036.0,2345.7,3.5,7.4,2.27,0.7308,0.8333,0.6429,0.0,0.7308,,163.7,4.47,8.42,1.1946,8.58,0.5558,3.3,0.0074,0.0697,0.6475,-0.0071,0.0433,-1.1195,19,random
99,811008,3650,45,1046.8,2471.4,3.3,7.4,2.12,0.7083,0.6875,0.75,0.0,0.7083,,180.9,4.71,3.38,1.1888,8.78,0.5473,3.28,0.0101,0.0944,0.5651,-0.0076,0.0514,-1.1188,19,random
100,819200,3700,50,1058.0,2247.5,3.6,7.4,2.43,0.75,0.7143,0.7857,0.0,0.75,,189.2,4.92,8.43,1.2701,9.78,0.5571,3.56,0.0077,0.0695,0.5704,-0.0071,0.0545,-1.155,19,random
101,827392,3727,27,1068.8,2518.3,3.3,7.5,2.06,1.0,1.0,1.0,0.0,1.0,,179.7,4.63,12.25,1.254,9.4,0.5595,3.5,0.0076,0.0681,0.6873,-0.0072,0.0325,-1.1745,20,random
102,835584,3762,35,1079.8,2473.9,3.3,7.5,2.07,0.7273,0.7143,0.75,0.0,0.7273,,210.8,5.94,6.18,1.1989,9.13,0.5421,3.32,0.0096,0.0936,0.7124,-0.0086,0.0305,-1.1043,20,random
103,843776,3795,33,1090.3,2842.7,2.9,7.6,1.65,0.8571,1.0,0.6667,0.0,0.8571,,235.1,5.64,7.07,1.2169,9.68,0.536,3.38,0.0086,0.0839,0.7008,-0.006,0.0322,-1.1691,20,random
104,851968,3828,33,1101.3,2555.6,3.2,7.6,2.01,0.8235,0.875,0.7778,0.0,0.8235,,277.0,6.21,8.35,1.2579,10.15,0.5427,3.52,0.0087,0.0761,0.7051,-0.0079,0.0322,-1.1509,20,random
105,860160,3857,29,1112.1,2716.1,3.0,7.5,1.84,0.5882,0.6,0.5714,0.0,0.5882,,235.8,5.86,5.65,1.226,10.74,0.5163,3.41,0.0111,0.0827,0.7143,-0.0074,0.0308,-1.1338,20,random
106,868352,3886,29,1122.7,2763.7,3.0,7.5,1.77,0.5,0.375,0.75,0.0,0.5,,289.4,5.97,7.33,1.2041,10.32,0.5158,3.33,0.0089,0.0749,0.6064,-0.0082,0.035,-1.1037,21,random
107,876544,3920,34,1133.3,2807.5,2.9,7.7,1.72,0.7692,0.6,0.875,0.0,0.7692,,257.7,5.74,8.92,1.1992,10.12,0.5181,3.32,0.0087,0.0768,0.6725,-0.0098,0.0319,-1.133,21,random
108,884736,3949,29,1144.4,2498.3,3.3,7.5,2.1,0.7647,0.7778,0.75,0.0,0.7647,,241.1,6.07,10.65,1.1708,9.42,0.522,3.22,0.0096,0.084,0.7169,-0.0086,0.0275,-1.1017,21,random
109,892928,3983,34,1155.4,2446.1,3.3,7.5,2.13,0.9231,0.875,1.0,0.0,0.9231,,270.4,5.71,10.85,1.2361,10.68,0.5219,3.44,0.008,0.0822,0.7258,-0.0077,0.0356,-1.1436,21,random
110,901120,4017,34,1166.5,2306.7,3.6,7.5,2.32,0.9444,0.8571,1.0,0.0,0.9444,,226.9,5.65,7.89,1.1948,9.82,0.5231,3.3,0.0085,0.0655,0.7478,-0.0089,0.0349,-1.1175,21,random
111,909312,4063,46,1177.4,2510.3,3.3,7.6,2.0,0.7083,0.6364,0.7692,0.0,0.7083,,222.1,5.24,5.83,1.2154,10.35,0.52,3.37,0.0075,0.0711,0.7188,-0.0088,0.0375,-1.1023,22,random
112,917504,4101,38,1188.3,2533.1,3.2,7.4,2.05,0.7143,0.6364,1.0,0.0,0.7143,,252.3,5.71,2.21,1.1388,9.16,0.5142,3.12,0.0109,0.0834,0.6135,-0.0069,0.0413,-1.0645,22,random
113,925696,4144,43,1199.2,2478.2,3.3,7.4,2.13,0.76,0.6667,0.8462,0.0,0.76,,162.0,4.51,5.96,1.1771,9.94,0.5126,3.24,0.0079,0.0871,0.7144,-0.0068,0.0417,-1.0931,22,random
114,933888,4179,35,1209.9,2697.3,3.0,7.7,1.79,0.9286,0.8571,1.0,0.0,0.9286,,214.0,4.89,9.43,1.1164,9.31,0.5005,3.05,0.0081,0.0865,0.7042,-0.0074,0.0339,-1.054,22,random
115,942080,4217,38,1221.0,2529.1,3.2,7.6,2.01,0.7059,0.5455,1.0,0.0,0.7059,,229.1,5.45,7.53,1.1548,10.45,0.492,3.17,0.0107,0.0915,0.7629,-0.0057,0.0357,-1.0494,22,random
116,950272,4257,40,1232.2,2371.6,3.5,7.4,2.2,0.6471,0.5714,0.7,0.0,0.6471,,245.3,5.62,4.88,1.1166,9.11,0.5053,3.05,0.0069,0.0778,0.5776,-0.0082,0.051,-1.0693,23,random
117,958464,4283,26,1242.9,2558.3,3.2,7.7,1.94,0.7222,0.9091,0.4286,0.0,0.7222,,202.5,5.54,7.28,1.1753,10.37,0.5024,3.24,0.0111,0.093,0.6911,-0.0081,0.0311,-1.0868,23,random
118,966656,4314,31,1254.1,2473.5,3.3,7.5,2.07,0.6667,0.4286,1.0,0.0,0.6667,,252.5,5.87,0.58,1.1526,9.74,0.5063,3.17,0.0088,0.0754,0.7514,-0.0088,0.0297,-1.0528,23,random
119,974848,4342,28,1264.6,2827.8,2.9,7.6,1.68,0.8462,1.0,0.7778,0.0,0.8462,,259.9,6.21,14.46,1.1586,10.24,0.4981,3.19,0.009,0.0733,0.7498,-0.0093,0.0326,-1.0881,23,random
120,983040,4389,47,1275.4,2752.5,3.0,7.4,1.82,0.5714,0.6667,0.5,0.0,0.5714,,218.2,5.11,2.76,1.1474,9.68,0.5054,3.15,0.007,0.0621,0.6769,-0.0081,0.0501,-1.0583,23,random
121,991232,4424,35,1286.0,2685.1,3.1,7.4,1.89,0.7778,0.75,0.8,0.0,0.7778,,220.6,4.97,7.11,1.1692,10.22,0.5031,3.22,0.0095,0.0774,0.7157,-0.0076,0.0371,-1.0958,24,random
122,999424,4467,43,1296.6,2695.9,3.0,7.5,1.85,0.75,0.8571,0.6,0.0,0.75,,219.3,5.02,7.25,1.1668,10.21,0.5021,3.21,0.0128,0.0967,0.7096,-0.0079,0.0459,-1.0809,24,random
123,1007616,4503,36,1307.0,2919.1,2.8,7.4,1.67,0.7692,0.75,0.8,0.0,0.7692,,224.4,4.94,7.54,1.169,10.49,0.4974,3.22,0.0115,0.0956,0.7091,-0.0082,0.0358,-1.076,24,random
124,1015808,4534,31,1317.7,2539.3,3.2,7.5,2.08,0.8125,0.75,0.875,0.0,0.8125,,226.2,5.61,7.06,1.1913,11.1,0.495,3.29,0.0097,0.0734,0.7608,-0.0082,0.0306,-1.0987,24,random
125,1024000,4569,35,1328.6,2505.0,3.3,7.5,2.1,0.7826,0.7857,0.7778,0.0,0.7826,,232.5,5.91,7.87,1.1734,11.29,0.4841,3.23,0.0103,0.0833,0.6964,-0.009,0.0382,-1.0752,24,random
126,1032192,4613,44,1339.3,2665.0,3.1,7.3,1.91,0.6667,0.5,0.875,0.0,0.6667,,206.0,4.86,4.17,1.1397,9.9,0.4971,3.13,0.0074,0.0715,0.5995,-0.0098,0.0472,-1.0475,25,random
127,1040384,4644,31,1349.6,2933.5,2.8,7.3,1.7,0.9444,1.0,0.9091,0.0,0.9444,,269.5,6.06,7.61,1.1834,10.58,0.5017,3.27,0.0094,0.0921,0.7349,-0.0073,0.032,-1.0819,25,random
128,1048576,4669,25,1359.7,3090.3,2.7,7.4,1.53,0.9231,0.8571,1.0,0.0,0.9231,,194.7,4.8,7.38,1.1455,10.37,0.4897,3.14,0.0093,0.0717,0.746,-0.0093,0.023,-1.0583,25,random
129,1056768,4703,34,1370.1,2808.6,2.9,7.5,1.8,0.7222,0.5833,1.0,0.0,0.7222,,241.3,5.32,5.72,1.1545,11.01,0.4812,3.17,0.0115,0.0861,0.7259,-0.0093,0.0337,-1.0617,25,random
130,1064960,4733,30,1380.8,2721.2,3.0,7.5,1.85,0.6875,0.6667,0.7,0.0,0.6875,,255.9,5.93,6.25,1.1086,10.47,0.472,3.03,0.0086,0.0847,0.7785,-0.0077,0.03,-1.0497,25,random
131,1073152,4770,37,1391.4,2761.8,3.0,7.5,1.83,0.9167,0.8571,1.0,0.0,0.9167,,314.7,6.05,6.5,1.1589,11.45,0.4754,3.19,0.0107,0.0815,0.7344,-0.0083,0.0361,-1.0513,26,random
132,1081344,4804,34,1402.1,2665.7,3.1,7.5,1.8,0.6875,0.5556,0.8571,0.0,0.6875,,284.1,5.97,4.19,1.1526,10.63,0.4876,3.17,0.0083,0.0753,0.7461,-0.0085,0.0337,-1.0444,26,random
133,1089536,4830,26,1412.4,3070.6,2.7,7.4,1.54,0.75,0.75,0.75,0.0,0.75,,206.8,5.38,9.5,1.1429,10.96,0.4774,3.14,0.0109,0.105,0.7929,-0.0052,0.0254,-1.0479,26,random
134,1097728,4851,21,1422.6,3098.7,2.6,7.6,1.5,0.6,0.0,0.75,0.0,0.6,,296.2,5.95,5.0,1.156,12.0,0.4652,3.18,0.0116,0.1081,0.7256,-0.0068,0.0318,-1.06,26,random
135,1105920,4883,32,1433.3,2819.7,2.9,7.7,1.78,0.75,0.7143,0.7778,0.0,0.75,,264.9,6.06,9.19,1.1609,12.5,0.4597,3.19,0.0109,0.1259,0.7161,-0.0057,0.0342,-1.0659,26,random
136,1114112,4911,28,1444.0,2850.0,2.9,7.6,1.71,0.9091,0.8333,1.0,0.0,0.9091,,343.1,6.93,10.18,1.1031,11.1,0.4583,3.01,0.0099,0.0851,0.777,-0.0066,0.0258,-1.0434,27,random
137,1122304,4938,27,1454.6,2827.2,2.9,7.0,1.78,0.8,0.625,1.0,0.0,0.8,,271.2,6.07,9.13,1.1584,11.9,0.4678,3.18,0.0101,0.0933,0.8367,-0.008,0.02,-1.0479,27,random
138,1130496,4972,34,1465.1,2481.6,3.3,7.2,2.14,0.7857,0.8571,0.7143,0.0,0.7857,,257.6,5.44,8.07,1.1178,11.3,0.461,3.06,0.0099,0.075,0.7172,-0.0083,0.0372,-1.0738,27,random
139,1138688,5007,35,1475.6,2559.8,3.2,7.2,2.07,0.8636,0.8889,0.8462,0.0,0.8636,,233.8,6.0,11.14,1.1127,11.29,0.459,3.04,0.0117,0.0791,0.7853,-0.0075,0.0292,-1.0459,27,random
140,1146880,5039,32,1486.2,2521.0,3.2,7.3,2.07,0.7333,0.7273,0.75,0.0,0.7333,,256.4,5.56,1.27,1.1678,12.05,0.4691,3.21,0.011,0.1006,0.7073,-0.0079,0.0325,-1.1047,27,random
141,1155072,5072,33,1496.9,2471.7,3.3,7.2,2.12,0.8889,1.0,0.8,0.0,0.8889,,267.4,6.48,10.17,1.1964,11.7,0.4865,3.31,0.0128,0.1038,0.6433,-0.0086,0.037,-1.1093,28,random
142,1163264,5109,37,1507.1,2830.9,2.9,7.1,1.75,0.6818,0.6,0.75,0.0,0.6818,,246.4,5.76,0.73,1.1043,11.04,0.4598,3.02,0.0102,0.083,0.5973,-0.0091,0.0428,-1.0615,28,random
143,1171456,5139,30,1517.5,2578.7,3.2,7.0,2.04,0.6667,0.75,0.625,0.0,0.6667,,219.6,4.8,12.08,1.1639,11.91,0.4699,3.2,0.0107,0.0969,0.7079,-0.0073,0.0335,-1.0418,28,random
144,1179648,5171,32,1528.0,2481.3,3.3,7.2,2.17,0.7778,0.6667,0.8889,0.0,0.7778,,247.8,5.88,4.0,1.115,11.33,0.4594,3.05,0.0106,0.0885,0.7133,-0.0083,0.0287,-1.005,28,random
145,1187840,5205,34,1538.7,2467.8,3.3,7.2,2.19,0.6667,0.6364,0.7143,0.0,0.6667,,293.4,6.71,6.67,1.1079,11.46,0.4543,3.03,0.0073,0.0732,0.7129,-0.0079,0.0354,-1.0392,28,random
146,1196032,5245,40,1549.6,2269.1,3.6,7.1,2.43,0.8636,0.9,0.8333,0.0,0.8636,,241.2,5.9,8.41,1.11,11.13,0.4606,3.03,0.0103,0.087,0.7728,-0.009,0.0307,-1.0312,29,random
147,1204224,5275,30,1560.1,2520.0,3.3,7.2,2.08,0.8095,0.75,0.8889,0.0,0.8095,,190.2,5.47,9.81,1.154,11.85,0.4668,3.17,0.0115,0.0984,0.7712,-0.0088,0.032,-1.0582,29,random
148,1212416,5310,35,1570.8,2441.9,3.4,7.1,2.16,0.7,0.6667,0.7143,0.0,0.7,,262.6,6.37,9.0,1.0947,10.97,0.4571,2.99,0.0109,0.0791,0.7816,-0.008,0.0315,-1.0244,29,random
149,1220608,5338,28,1581.1,2665.2,3.1,7.3,1.95,0.8125,0.7778,0.8571,0.0,0.8125,,243.0,5.86,10.88,1.1115,11.53,0.4546,3.04,0.0091,0.0872,0.7905,-0.0079,0.0257,-1.0437,29,random
150,1228800,5374,36,1591.8,2561.2,3.2,7.2,2.01,0.75,0.75,0.75,0.0,0.75,,284.4,6.28,6.38,1.1344,11.76,0.4603,3.11,0.0081,0.0759,0.7198,-0.0079,0.0327,-1.0653,29,random
151,1236992,5411,37,1602.4,2502.1,3.3,7.1,2.14,0.8182,0.7692,0.8889,0.0,0.8182,,225.9,5.7,9.59,1.1528,12.04,0.4633,3.17,0.0133,0.118,0.7545,-0.0058,0.0333,-1.057,30,random
152,1245184,5436,25,1612.9,2551.6,3.2,7.1,2.09,0.7222,0.6667,0.8333,0.0,0.7222,,246.7,5.92,12.56,1.1011,11.2,0.4558,3.01,0.0097,0.0831,0.7945,-0.007,0.0298,-1.0273,30,random
153,1253376,5462,26,1623.1,2729.6,3.0,7.1,1.88,0.8125,0.8889,0.7143,0.0,0.8125,,269.8,6.65,9.94,1.1023,11.87,0.4455,3.01,0.0101,0.0927,0.7857,-0.0077,0.0297,-1.0277,30,random
154,1261568,5493,31,1633.1,3047.0,2.7,7.1,1.55,0.9286,1.0,0.875,0.0,0.9286,,289.3,6.45,10.79,1.0856,11.27,0.4482,2.96,0.0105,0.0835,0.8038,-0.0088,0.0289,-0.9889,30,random
155,1269760,5524,31,1643.1,2883.1,2.8,7.2,1.69,0.7333,0.8333,0.6667,0.0,0.7333,,227.6,4.94,9.53,1.1269,12.4,0.4477,3.09,0.013,0.0905,0.7648,-0.0086,0.0326,-1.0208,30,random
156,1277952,5559,35,1653.6,2677.4,3.1,7.2,1.91,0.7647,0.7273,0.8333,0.0,0.7647,,304.7,6.23,7.0,1.1294,12.23,0.451,3.09,0.0101,0.0977,0.7894,-0.0084,0.0306,-1.0189,31,random
157,1286144,5591,32,1664.1,2558.8,3.2,7.2,2.01,0.6429,0.625,0.6667,0.0,0.6429,,277.2,6.09,10.64,1.0959,11.79,0.4442,2.99,0.009,0.0779,0.7645,-0.0085,0.0359,-1.0232,31,random
158,1294336,5623,32,1674.4,2780.6,2.9,7.2,1.77,0.9,0.8571,0.9231,0.0,0.9,,212.9,5.47,15.1,1.0828,11.53,0.4429,2.95,0.0106,0.1051,0.8234,-0.0092,0.0244,-1.0309,31,random
159,1302528,5647,24,1684.5,2987.4,2.7,7.2,1.62,0.625,0.5,0.75,0.0,0.625,,250.4,5.38,3.12,1.0875,12.2,0.4347,2.97,0.0106,0.107,0.7228,-0.0071,0.0321,-1.0061,31,random
160,1310720,5664,17,1694.5,3043.3,2.7,7.1,1.6,0.6,0.6667,0.5,0.0,0.6,,311.9,6.82,8.2,1.1193,12.84,0.4386,3.06,0.0088,0.0905,0.735,-0.0092,0.0246,-1.0333,31,random
161,1318912,5699,35,1704.7,2829.2,2.9,7.3,1.77,0.6154,0.7143,0.5,0.0,0.6154,,351.2,7.0,5.46,1.0567,12.04,0.4247,2.88,0.0096,0.0931,0.7116,-0.0088,0.0331,-0.992,32,random
162,1327104,5725,26,1715.4,2529.0,3.2,7.1,2.11,0.8182,0.75,0.8571,0.0,0.8182,,365.2,7.23,5.64,1.124,12.66,0.4428,3.08,0.0103,0.0965,0.6976,-0.0082,0.0283,-1.0288,32,random
163,1335296,5751,26,1725.6,2688.3,3.0,7.2,1.92,0.9444,0.9091,1.0,0.0,0.9444,,200.9,5.27,11.67,1.1141,12.44,0.442,3.05,0.0138,0.1105,0.7688,-0.0079,0.0257,-1.0325,32,random
164,1343488,5780,29,1736.0,2661.3,3.1,7.2,1.96,0.9286,1.0,0.8889,0.0,0.9286,,327.8,6.86,6.07,1.1298,12.75,0.4438,3.09,0.0109,0.0986,0.7909,-0.0092,0.0272,-1.0415,32,random
165,1351680,5811,31,1746.0,3136.7,2.6,7.1,1.5,0.8,0.75,0.8571,0.0,0.8,,243.2,5.29,5.2,1.1187,12.35,0.445,3.06,0.0108,0.0928,0.6929,-0.0066,0.0266,-1.0152,32,random
166,1359872,5829,18,1756.1,2970.0,2.8,7.2,1.63,0.8571,0.8,1.0,0.0,0.8571,,388.3,7.83,4.57,1.1037,13.12,0.4288,3.02,0.0128,0.1119,0.7999,-0.0073,0.0201,-0.9982,33,random
167,1368064,5863,34,1766.3,2854.0,2.9,7.2,1.76,0.6875,0.5556,0.8571,0.0625,0.6875,,313.1,6.59,10.38,1.0433,11.92,0.421,2.84,0.0088,0.0721,0.7523,-0.0094,0.0308,-0.9884,33,random
168,1376256,5887,24,1776.5,2851.4,2.9,7.2,1.72,0.8571,0.5,1.0,0.0,0.8571,,281.5,5.25,13.43,1.0438,12.4,0.4146,2.84,0.0117,0.0887,0.7464,-0.0072,0.0322,-0.9567,33,random
169,1384448,5919,32,1787.0,2606.9,3.1,7.0,1.97,0.7647,0.7273,0.8333,0.0,0.7647,,261.5,6.16,11.18,1.0164,12.42,0.4034,2.76,0.0122,0.1002,0.8131,-0.0072,0.0291,-0.9148,33,random
170,1392640,5955,36,1797.5,2459.9,3.3,7.2,2.16,0.625,0.5714,0.6667,0.0,0.625,,287.4,5.67,11.81,1.0111,12.12,0.4053,2.75,0.0108,0.099,0.6411,-0.008,0.0444,-0.9347,33,random
171,1400832,5989,34,1808.3,2376.4,3.4,7.2,2.27,0.9048,0.875,0.9231,0.0,0.9048,,253.9,6.0,13.19,1.0387,12.44,0.4121,2.83,0.01,0.0905,0.7466,-0.007,0.0307,-0.9461,34,random
172,1409024,6016,27,1818.9,2579.2,3.2,7.1,2.04,0.8571,1.0,0.75,0.0,0.8571,,248.3,6.0,16.0,1.0334,12.4,0.4105,2.81,0.0096,0.0885,0.7888,-0.0086,0.0255,-0.9422,34,random
173,1417216,6043,27,1829.4,2535.4,3.2,7.1,2.0,0.8333,0.7778,1.0,0.0,0.8333,,313.4,6.44,6.08,1.0051,12.31,0.4004,2.73,0.0086,0.0832,0.807,-0.0075,0.0228,-0.9586,34,random
174,1425408,6064,21,1839.6,2693.7,3.0,7.3,1.9,0.9167,1.0,0.8,0.0,0.9167,,303.6,7.29,12.08,1.0496,12.82,0.4115,2.86,0.0128,0.1014,0.8324,-0.0091,0.02,-0.9745,34,random
175,1433600,6083,19,1850.3,2602.8,3.1,7.3,1.99,0.8571,0.6667,1.0,0.0,0.8571,,347.4,6.53,10.71,1.0475,13.23,0.4056,2.85,0.0123,0.1051,0.8294,-0.0088,0.0215,-0.9867,34,random
176,1441792,6116,33,1860.8,2662.1,3.1,7.4,1.9,0.9412,1.0,0.9,0.0,0.9412,,311.4,6.76,11.0,1.0325,13.7,0.3945,2.81,0.0114,0.0986,0.7402,-0.0089,0.0333,-0.95,35,random
177,1449984,6147,31,1871.7,2502.1,3.3,7.3,2.12,0.8824,0.875,0.8889,0.0,0.8824,,311.7,6.58,12.24,1.0213,12.96,0.3987,2.78,0.0111,0.1026,0.7944,-0.0083,0.0286,-0.9521,35,random
178,1458176,6172,25,1882.2,2642.2,3.1,7.4,1.96,0.6923,0.625,0.8,0.0,0.6923,,324.1,6.64,8.0,0.9938,12.85,0.3892,2.7,0.0078,0.0886,0.7365,-0.0063,0.0298,-0.9051,35,random
179,1466368,6205,33,1892.8,2714.1,3.0,7.4,1.85,0.625,0.6667,0.5714,0.0,0.625,,250.4,5.88,10.12,0.9477,12.63,0.3737,2.58,0.0111,0.1153,0.6535,-0.0042,0.0413,-0.8819,35,random
180,1474560,6242,37,1904.0,2258.3,3.6,7.3,2.41,0.8,0.8571,0.75,0.0,0.8,,237.0,4.86,10.13,0.987,13.04,0.3843,2.68,0.0105,0.0948,0.722,-0.0085,0.0407,-0.8856,35,random
181,1482752,6272,30,1915.2,2160.5,3.8,7.3,2.6,0.9231,0.8333,1.0,0.0,0.9231,,269.8,5.67,9.46,0.9409,12.96,0.3672,2.56,0.01,0.0961,0.7415,-0.0082,0.0274,-0.9142,36,random
182,1490944,6311,39,1926.3,2280.4,3.6,7.3,2.4,0.88,0.9231,0.8333,0.0,0.88,,258.6,6.38,11.12,1.0266,13.52,0.3942,2.79,0.0097,0.0862,0.7896,-0.0073,0.0332,-0.9197,36,random
183,1499136,6345,34,1936.8,2687.2,3.0,7.0,1.91,0.8571,0.75,1.0,0.0,0.8571,,235.0,5.35,10.57,0.9866,12.45,0.3913,2.68,0.0087,0.0822,0.8426,-0.0086,0.0228,-0.8836,36,random
184,1507328,6365,20,1946.6,3051.6,2.7,7.3,1.55,0.8462,1.0,0.6667,0.0,0.8462,,201.3,5.2,11.0,0.9936,12.72,0.3907,2.7,0.0096,0.0867,0.8303,-0.0074,0.0194,-0.9088,36,random
185,1515520,6394,29,1957.0,2835.0,2.9,7.3,1.73,0.6667,0.5714,0.8,0.0,0.6667,,258.1,5.34,7.08,1.0319,13.38,0.3978,2.81,0.0105,0.0942,0.7068,-0.0089,0.0369,-0.97,36,random
186,1523712,6420,26,1967.4,2764.6,3.0,7.3,1.81,0.7143,0.625,0.8333,0.0,0.7143,,295.5,6.35,11.71,0.9755,12.67,0.3841,2.65,0.0102,0.0922,0.7788,-0.0081,0.0323,-0.9269,37,random
187,1531904,6450,30,1977.6,2925.1,2.8,7.5,1.66,0.7778,0.5,1.0,0.0,0.7778,,353.7,6.27,5.67,1.0088,13.83,0.384,2.74,0.0122,0.0952,0.7713,-0.0081,0.0314,-0.9588,37,random
188,1540096,6476,26,1988.2,2763.1,3.0,7.3,1.8,0.6667,0.7143,0.6,0.0,0.6667,,289.5,5.73,12.08,1.0373,14.53,0.3876,2.82,0.0103,0.0975,0.7846,-0.007,0.0273,-0.9564,37,random
189,1548288,6504,28,1998.7,2683.9,3.1,7.3,1.9,0.8182,0.8333,0.8,0.0,0.8182,,303.5,6.36,9.27,1.0199,13.89,0.3877,2.77,0.0101,0.0943,0.8121,-0.0076,0.0263,-0.9475,37,random
190,1556480,6540,36,2009.1,2743.1,3.0,7.3,1.82,0.8636,0.9091,0.8182,0.0,0.8636,,261.1,5.75,12.18,0.9955,13.34,0.3842,2.71,0.0088,0.0886,0.7893,-0.0091,0.028,-0.9237,37,random
191,1564672,6570,30,2019.4,2905.8,2.8,7.4,1.69,0.7273,0.8,0.6667,0.0,0.7273,,231.8,4.6,8.09,0.9576,12.95,0.3739,2.61,0.0108,0.1074,0.7669,-0.0057,0.0326,-0.9076,38,random
192,1572864,6598,28,2030.0,2704.8,3.0,7.3,1.85,0.75,0.5,1.0,0.0,0.75,,289.5,5.75,6.81,1.0227,13.81,0.3895,2.78,0.0109,0.0925,0.8526,-0.0083,0.0268,-0.9314,38,random
193,1581056,6630,32,2040.8,2533.4,3.2,7.4,2.05,0.9412,0.9091,1.0,0.0,0.9412,,309.3,6.31,13.59,0.9929,13.4,0.3826,2.7,0.0092,0.0766,0.8724,-0.0086,0.0221,-0.931,38,random
194,1589248,6649,19,2051.5,2586.7,3.2,7.5,2.0,0.7273,0.6667,0.8,0.0,0.7273,,259.5,5.68,7.09,0.9816,14.46,0.3675,2.67,0.0101,0.1047,0.8916,-0.0057,0.0199,-0.9156,38,random
195,1597440,6683,34,2063.0,2168.9,3.8,7.5,2.45,0.75,0.625,0.875,0.0,0.75,,344.7,6.85,4.94,1.0083,13.91,0.383,2.74,0.0094,0.0886,0.843,-0.0091,0.0278,-0.9294,38,random
196,1605632,6703,20,2073.8,2548.9,3.2,7.5,2.01,0.9091,0.75,1.0,0.0,0.9091,,307.6,6.3,13.09,0.9892,13.77,0.3772,2.69,0.0106,0.0899,0.8653,-0.0104,0.02,-0.8953,39,random
197,1613824,6725,22,2084.7,2542.3,3.2,7.5,1.99,0.8,0.8333,0.75,0.0,0.8,,307.0,6.55,6.5,0.9333,13.76,0.3559,2.54,0.0177,0.0953,0.7675,-0.0082,0.0294,-0.8638,39,random
198,1622016,6753,28,2095.7,2463.9,3.3,7.5,2.08,0.9091,0.8333,1.0,0.0,0.9091,,360.5,6.68,13.36,0.9795,13.91,0.3721,2.66,0.0087,0.0868,0.8233,-0.007,0.0261,-0.8975,39,random
199,1630208,6783,30,2106.8,2399.4,3.4,7.3,2.2,0.8333,0.8182,0.8571,0.0,0.8333,,261.1,5.63,11.61,0.9218,14.31,0.3464,2.51,0.0083,0.0895,0.8305,-0.0078,0.0252,-0.8691,39,random
200,1638400,6808,25,2117.5,2537.4,3.2,7.3,1.98,0.8462,0.8333,0.8571,0.0,0.8462,,325.7,6.6,8.69,0.9533,13.66,0.3647,2.59,0.0085,0.0788,0.8343,-0.0079,0.0221,-0.8721,39,random
201,1646592,6832,24,2128.1,2637.7,3.1,7.6,1.9,0.7143,0.7143,0.7143,0.0,0.7143,,311.5,6.62,9.07,0.9874,14.69,0.3675,2.68,0.0119,0.0956,0.8339,-0.0077,0.0238,-0.8915,40,random
202,1654784,6860,28,2138.9,2658.1,3.1,7.5,1.84,0.8125,0.9231,0.3333,0.0,0.8125,,280.0,5.79,9.81,0.9253,13.67,0.3538,2.52,0.0072,0.0718,0.7841,-0.0084,0.0305,-0.8482,40,random
203,1662976,6889,29,2149.7,2597.3,3.2,7.3,2.03,0.9167,1.0,0.8333,0.0,0.9167,,295.8,5.52,14.25,0.9358,14.03,0.3543,2.55,0.0094,0.0823,0.8364,-0.0092,0.0262,-0.8678,40,random
204,1671168,6912,23,2160.5,2463.5,3.3,7.3,2.14,0.9091,1.0,0.8333,0.0,0.9091,,331.3,6.26,14.55,0.9552,14.49,0.3572,2.6,0.0083,0.0834,0.8508,-0.0091,0.0262,-0.8989,40,random
205,1679360,6941,29,2171.4,2394.9,3.4,7.4,2.25,0.8235,0.8889,0.75,0.0,0.8235,,306.1,6.41,10.65,1.0258,14.77,0.381,2.79,0.0092,0.0837,0.8251,-0.0108,0.0346,-0.9245,40,random
206,1687552,6971,30,2182.2,2511.6,3.3,7.5,2.06,0.8421,0.7778,0.9,0.0,0.8421,,254.9,5.43,7.68,0.977,15.1,0.3598,2.66,0.0105,0.0964,0.8404,-0.0088,0.0282,-0.8829,41,random
207,1695744,6997,26,2192.9,2675.2,3.1,7.5,1.87,1.0,1.0,1.0,0.0,1.0,,336.7,6.38,17.83,0.9245,14.46,0.346,2.52,0.0091,0.1025,0.81,-0.0055,0.0297,-0.8609,41,random
208,1703936,7025,28,2203.8,2520.2,3.3,7.5,2.01,0.7333,0.8571,0.625,0.0,0.7333,,287.2,5.75,5.4,0.9108,14.99,0.3364,2.49,0.009,0.0974,0.7847,-0.0079,0.0328,-0.8404,41,random
209,1712128,7049,24,2214.5,2596.9,3.2,7.2,1.97,0.8333,1.0,0.75,0.0,0.8333,,360.8,6.67,15.0,0.9408,15.49,0.3434,2.56,0.0094,0.0824,0.8448,-0.0085,0.0235,-0.8649,41,random
210,1720320,7079,30,2225.2,2543.2,3.2,7.5,2.03,0.8235,0.8,0.8333,0.0,0.8235,,254.8,5.4,12.59,0.9446,14.58,0.3525,2.57,0.0105,0.0962,0.7976,-0.0087,0.0321,-0.8594,41,random
211,1728512,7106,27,2236.2,2435.8,3.4,7.6,2.2,0.7143,0.625,0.8333,0.0,0.7143,,322.4,6.07,11.57,0.9272,14.65,0.3454,2.53,0.0101,0.0995,0.8298,-0.0078,0.0273,-0.8586,42,random
212,1736704,7135,29,2247.4,2387.7,3.4,7.6,2.23,1.0,1.0,1.0,0.0,1.0,,371.6,6.9,16.5,0.9482,14.29,0.3565,2.58,0.0104,0.0872,0.8375,-0.0097,0.0212,-0.892,42,random
213,1744896,7155,20,2258.3,2610.4,3.1,8.0,1.97,0.8667,1.0,0.7143,0.0,0.8667,,253.1,6.25,15.73,0.946,14.77,0.3514,2.58,0.0126,0.0964,0.8123,-0.0076,0.0187,-0.8729,42,random
214,1753088,7171,16,2269.3,2849.7,2.9,7.7,1.73,0.8889,0.8,1.0,0.0,0.8889,,302.4,5.88,14.0,0.9672,15.01,0.3571,2.63,0.0107,0.0863,0.8453,-0.0102,0.0188,-0.9115,42,random
215,1761280,7196,25,2280.2,2742.2,3.0,7.3,1.77,0.9167,0.8,1.0,0.0,0.9167,,360.8,7.08,6.25,0.9995,15.17,0.3675,2.72,0.0149,0.1071,0.85,-0.0052,0.0211,-0.8975,42,random
216,1769472,7223,27,2290.9,2544.6,3.2,7.5,1.94,1.0,1.0,1.0,0.0,1.0,,355.0,5.96,9.4,0.9808,15.82,0.3552,2.67,0.0101,0.12,0.8577,-0.005,0.0244,-0.9046,43,random
217,1777664,7261,38,2301.9,2454.4,3.3,7.6,2.08,0.7895,0.6667,0.9,0.0,0.7895,,322.3,5.97,12.68,0.9565,14.0,0.3624,2.6,0.0094,0.0967,0.8058,-0.0095,0.03,-0.8839,43,random
218,1785856,7291,30,2312.9,2514.5,3.3,7.7,1.99,0.6429,0.7,0.5,0.0,0.6429,,265.7,5.2,13.07,0.9547,14.19,0.3599,2.6,0.0093,0.0891,0.8006,-0.0088,0.0286,-0.8955,43,random
219,1794048,7314,23,2324.0,2536.0,3.2,7.8,1.98,0.9231,0.8333,1.0,0.0,0.9231,,314.2,6.43,15.46,1.016,15.36,0.3719,2.76,0.0098,0.0898,0.8318,-0.0093,0.0252,-0.9098,43,random
220,1802240,7345,31,2335.3,2420.7,3.4,7.5,2.09,0.8333,0.8333,0.8333,0.0,0.8333,,270.2,5.19,14.33,0.9431,14.56,0.3521,2.57,0.0094,0.0886,0.8228,-0.0079,0.0266,-0.8601,43,random
221,1810432,7367,22,2345.9,2766.9,3.0,7.7,1.72,0.7,0.6,0.8,0.0,0.7,,310.7,5.95,8.4,0.9472,14.8,0.3515,2.58,0.012,0.0966,0.8584,-0.0073,0.0216,-0.8665,44,random
222,1818624,7385,18,2356.7,2788.8,2.9,7.6,1.67,0.875,0.8,1.0,0.0,0.875,,343.9,6.56,11.25,0.9532,15.36,0.349,2.59,0.0092,0.0779,0.8762,-0.0081,0.0184,-0.8496,44,random
223,1826816,7417,32,2367.6,2586.9,3.2,7.7,1.89,0.7692,0.8889,0.5,0.0,0.7692,,340.4,6.03,12.08,0.9564,15.8,0.3466,2.6,0.0102,0.0918,0.752,-0.0101,0.0367,-0.8711,44,random
224,1835008,7449,32,2378.6,2601.1,3.1,7.9,1.86,0.7692,0.7778,0.75,0.0,0.7692,,268.6,5.06,12.0,0.9401,14.97,0.3474,2.56,0.0125,0.1007,0.8483,-0.007,0.0246,-0.8725,44,random
225,1843200,7471,22,2389.9,2495.7,3.3,7.7,2.05,0.7143,0.75,0.6667,0.0,0.7143,,280.6,5.55,10.64,0.9597,15.8,0.3477,2.61,0.0123,0.1093,0.8495,-0.0067,0.0247,-0.8742,44,random
226,1851392,7500,29,2400.9,2651.7,3.1,7.7,1.83,0.875,1.0,0.6667,0.0,0.875,,294.0,5.72,15.25,1.0107,15.67,0.3673,2.75,0.0084,0.0832,0.8634,-0.0095,0.0234,-0.9332,45,random
227,1859584,7524,24,2412.0,2471.1,3.3,7.8,2.03,0.8,0.75,0.8333,0.0,0.8,,350.9,5.92,13.5,1.0057,15.54,0.3666,2.73,0.0089,0.0832,0.8773,-0.0085,0.0196,-0.9338,45,random
228,1867776,7552,28,2423.5,2303.2,3.6,7.9,2.25,0.6923,0.6667,0.7143,0.0,0.6923,,264.6,4.96,7.31,1.0035,15.01,0.3704,2.73,0.0108,0.1126,0.832,-0.0054,0.0214,-0.9285,45,random
229,1875968,7573,21,2435.0,2316.3,3.5,7.9,2.28,0.3846,0.6667,0.3,0.0,0.3846,,314.2,6.1,-7.23,1.0167,15.77,0.3686,2.76,0.0103,0.0991,0.7447,-0.009,0.0303,-0.9408,45,random
230,1884160,7597,24,2446.6,2358.5,3.5,7.8,2.16,0.75,0.6667,0.8,0.0,0.75,,356.1,6.12,5.88,0.993,15.82,0.3597,2.7,0.0104,0.0988,0.8584,-0.0075,0.0244,-0.9463,45,random
231,1892352,7623,26,2457.8,2452.3,3.3,7.8,2.13,0.8333,1.0,0.6667,0.0,0.8333,,340.3,6.31,8.42,0.9967,15.8,0.3611,2.71,0.0139,0.1067,0.8511,-0.007,0.0284,-0.924,46,random
232,1900544,7654,31,2469.1,2430.7,3.4,7.7,2.16,0.8462,0.7143,1.0,0.0,0.8462,,386.4,6.84,12.54,0.9361,15.82,0.339,2.55,0.0087,0.0756,0.8969,-0.0088,0.0177,-0.8565,46,random
233,1908736,7676,22,2480.5,2345.5,3.5,7.8,2.28,0.75,0.8333,0.6667,0.0833,0.75,,304.2,6.14,4.17,0.9646,16.04,0.3476,2.62,0.01,0.0965,0.9164,-0.0085,0.0159,-0.8658,46,random
234,1916928,7703,27,2491.7,2515.6,3.3,8.0,1.98,0.8333,0.8571,0.8182,0.0,0.8333,,269.2,5.59,11.78,0.9361,15.51,0.3415,2.55,0.0115,0.0981,0.8588,-0.0079,0.0233,-0.8738,46,random
235,1925120,7724,21,2503.0,2618.6,3.1,7.8,1.79,0.7778,1.0,0.5,0.0,0.7778,,344.3,6.67,17.44,0.8905,15.42,0.3256,2.44,0.0092,0.1012,0.8637,-0.01,0.0222,-0.8318,46,random
236,1933312,7744,20,2513.9,2803.2,2.9,7.9,1.72,0.875,1.0,0.6667,0.0,0.875,,371.9,6.5,17.88,0.9408,16.94,0.3325,2.56,0.0131,0.1058,0.8952,-0.008,0.0193,-0.866,47,random
237,1941504,7765,21,2525.0,2640.7,3.1,7.7,1.89,0.75,1.0,0.5,0.0,0.75,,411.8,6.86,12.38,0.9215,15.85,0.3335,2.51,0.0085,0.0982,0.8628,-0.0077,0.0235,-0.8562,47,random
238,1949696,7787,22,2536.2,2428.0,3.4,7.9,2.06,1.0,1.0,1.0,0.0,1.0,,321.5,6.18,15.75,0.9503,16.63,0.338,2.59,0.0117,0.0914,0.9222,-0.0093,0.0148,-0.8522,47,random
239,1957888,7819,32,2547.8,2349.7,3.5,7.6,2.2,0.8824,0.8889,0.875,0.0,0.8824,,361.4,6.62,12.41,0.8972,15.95,0.324,2.45,0.0106,0.1036,0.8695,-0.0083,0.027,-0.8518,47,random
240,1966080,7843,24,2558.9,2432.1,3.4,7.4,2.16,0.7857,0.8,0.75,0.0,0.7857,,285.4,5.83,11.57,0.8755,15.55,0.319,2.4,0.0114,0.1134,0.8396,-0.0066,0.0274,-0.8038,47,random
241,1974272,7868,25,2569.9,2407.8,3.4,7.6,2.13,0.6667,0.0,0.8571,0.0,0.6667,,375.1,6.48,10.33,0.8889,15.95,0.3209,2.43,0.0118,0.0933,0.8813,-0.0072,0.0239,-0.8005,48,random
242,1982464,7897,29,2581.3,2256.0,3.6,7.6,2.4,0.8235,0.8889,0.75,0.0,0.8235,,298.8,6.14,9.76,0.876,15.77,0.3176,2.4,0.0104,0.099,0.8481,-0.0106,0.0253,-0.8071,48,random
243,1990656,7927,30,2592.7,2280.4,3.6,7.8,2.38,0.7895,0.8,0.7778,0.0,0.7895,,278.3,5.57,14.84,0.8837,15.92,0.3193,2.42,0.0114,0.0934,0.8134,-0.0084,0.0297,-0.7796,48,random
244,1998848,7950,23,2604.1,2348.7,3.5,7.6,2.23,0.8571,0.7778,1.0,0.0,0.8571,,309.0,6.35,9.64,0.9225,16.23,0.331,2.52,0.0109,0.1011,0.8389,-0.0079,0.0246,-0.8484,48,random
245,2007040,7974,24,2615.3,2346.9,3.5,7.8,2.28,0.9167,0.8,1.0,0.0,0.9167,,306.0,6.0,17.67,0.9546,16.15,0.3431,2.6,0.0112,0.0869,0.8962,-0.0094,0.0198,-0.8694,48,random
246,2015232,7993,19,2626.7,2433.5,3.4,7.8,2.16,0.9091,1.0,0.875,0.0,0.9091,,358.8,7.16,12.82,0.9044,15.89,0.327,2.47,0.0104,0.0921,0.8743,-0.0091,0.0198,-0.8646,49,random
247,2026112,8017,17,4.4,1949.9,4.2,7.5,3.1,0.9375,1.0,0.875,0.0,0.9375,,74.4,2.47,12.88,0.7044,13.12,0.2737,2.02,0.0126,0.0974,0.843,-0.0062,0.0214,-0.6399,49,random
248,2034304,8045,28,16.1,2016.4,4.1,7.8,2.85,0.8636,0.8333,0.9,0.0,0.8636,,160.8,4.54,13.0,0.8058,14.24,0.3034,2.24,0.0082,0.0867,0.9118,-0.0064,0.0176,-0.7472,49,random
249,2042496,8070,25,27.2,2648.0,3.1,7.7,1.93,0.7222,0.875,0.6,0.0,0.7222,,239.7,6.08,11.5,0.8125,14.78,0.3017,2.25,0.01,0.0846,0.8542,-0.0084,0.0247,-0.7696,49,random
250,2050688,8086,16,37.9,2849.5,2.9,8.0,1.69,1.0,1.0,1.0,0.0,1.0,,285.3,5.62,17.4,0.7964,15.41,0.2912,2.22,0.0114,0.0893,0.8723,-0.0076,0.0186,-0.7324,49,random
251,2058880,8108,22,49.1,2719.0,3.0,7.7,1.8,0.8889,0.8571,1.0,0.0,0.8889,,309.8,5.64,20.11,0.8466,16.66,0.301,2.33,0.0101,0.0902,0.8824,-0.0064,0.0222,-0.7708,50,random
252,2067072,8130,22,60.1,2636.2,3.1,7.9,1.85,0.8889,0.8333,1.0,0.0,0.8889,,363.9,6.64,18.78,0.8534,16.96,0.3015,2.35,0.0101,0.0919,0.8415,-0.0096,0.0247,-0.776,50,random
253,2075264,8156,26,71.4,2558.1,3.2,7.8,1.92,0.75,0.8333,0.6667,0.0,0.75,,363.3,6.5,12.92,0.8667,16.64,0.3082,2.38,0.0111,0.0958,0.8947,-0.0084,0.0194,-0.7853,50,random
254,2083456,8188,32,82.9,2269.0,3.6,7.9,2.29,0.6667,0.6667,0.6667,0.0,0.6667,,370.0,6.25,14.08,0.8055,15.91,0.2911,2.24,0.0118,0.0963,0.8106,-0.008,0.0369,-0.7422,50,random
255,2091648,8220,32,94.7,2212.9,3.7,7.8,2.32,0.8667,1.0,0.8333,0.0,0.8667,,295.7,5.5,15.8,0.7551,15.63,0.2747,2.13,0.0113,0.0892,0.8548,-0.0077,0.0302,-0.6822,50,random
256,2099840,8250,30,106.1,2333.8,3.5,7.9,2.15,0.7333,0.75,0.7143,0.0,0.7333,,268.1,5.37,11.93,0.7547,15.98,0.2723,2.13,0.0118,0.0945,0.8131,-0.0084,0.0327,-0.686,51,random
257,2108032,8274,24,117.8,2280.0,3.6,7.9,2.27,0.7857,0.6,0.8889,0.0,0.7857,,215.9,4.88,14.43,0.7352,15.42,0.2688,2.09,0.0092,0.0907,0.8533,-0.0082,0.0247,-0.683,51,random
258,2116224,8297,23,129.4,2334.2,3.5,7.7,2.17,0.9091,1.0,0.8,0.0,0.9091,,368.4,6.78,16.18,0.753,15.42,0.2752,2.12,0.01,0.083,0.8391,-0.0084,0.024,-0.6706,51,random
259,2124416,8323,26,140.5,2514.3,3.3,7.7,2.0,0.75,0.6667,0.8333,0.0,0.75,,282.8,5.54,17.67,0.7812,15.86,0.2827,2.18,0.0137,0.0981,0.8767,-0.0063,0.022,-0.7486,51,random
260,2132608,8352,29,151.4,2622.0,3.1,7.6,1.83,0.9333,0.875,1.0,0.0,0.9333,,313.1,5.83,18.53,0.7394,15.23,0.2715,2.09,0.0109,0.0888,0.8648,-0.0086,0.0251,-0.7157,51,random
261,2140800,8383,31,163.0,2110.2,3.9,7.8,2.52,0.9231,1.0,0.875,0.0,0.9231,,313.1,5.55,17.62,0.7573,15.52,0.2762,2.13,0.0098,0.0856,0.8321,-0.0088,0.0289,-0.6844,52,random
262,2148992,8416,33,174.9,2081.3,3.9,8.1,2.57,0.9412,1.0,0.9,0.0,0.9412,,311.8,6.09,18.18,0.7871,16.03,0.2837,2.2,0.0131,0.0849,0.8393,-0.0078,0.0269,-0.7242,52,random
263,2157184,8441,25,187.0,2128.6,3.8,7.6,2.49,0.75,0.6,0.8182,0.0,0.75,,235.3,5.16,19.0,0.8432,16.21,0.3027,2.32,0.0102,0.1061,0.8246,-0.0062,0.0292,-0.7722,52,random
264,2165376,8463,22,198.3,2354.5,3.5,7.7,2.16,0.8571,1.0,0.75,0.0,0.8571,,247.2,4.95,12.43,0.8181,16.09,0.2944,2.27,0.01,0.0883,0.8398,-0.0077,0.023,-0.7471,52,random
265,2173568,8496,33,209.6,2393.6,3.4,7.8,2.1,0.7059,0.7143,0.7,0.0,0.7059,,301.2,5.61,10.47,0.8306,16.68,0.2952,2.29,0.0109,0.1171,0.7906,-0.005,0.0327,-0.7379,52,random
266,2181760,8530,34,221.4,2151.7,3.8,7.8,2.5,0.7692,0.6,0.875,0.0,0.7692,,316.8,5.76,14.69,0.7779,15.47,0.284,2.18,0.0127,0.1041,0.7798,-0.0065,0.0306,-0.7099,53,random
267,2189952,8550,20,233.2,2108.3,3.9,8.0,2.58,0.6429,0.5714,0.7143,0.0,0.6429,,220.4,4.8,12.43,0.7733,16.72,0.2745,2.17,0.0099,0.0847,0.8341,-0.0078,0.0254,-0.7021,53,random
268,2198144,8576,26,245.5,1994.3,4.1,7.8,2.69,0.95,0.9167,1.0,0.0,0.95,,278.3,5.96,18.3,0.8198,17.4,0.287,2.27,0.01,0.0973,0.8914,-0.0072,0.0169,-0.7273,53,random
269,2206336,8604,28,257.0,2317.0,3.5,7.7,2.21,0.8235,0.7273,1.0,0.0,0.8235,,356.8,6.61,11.06,0.8114,17.61,0.2829,2.25,0.0083,0.0869,0.8493,-0.0072,0.0215,-0.7439,53,random
270,2214528,8624,20,268.2,2495.7,3.3,7.8,2.0,0.75,0.8571,0.6,0.0,0.75,,313.9,6.0,15.0,0.778,17.07,0.2742,2.18,0.0101,0.0827,0.8567,-0.0088,0.0197,-0.7211,53,random
271,2222720,8648,24,279.6,2410.4,3.4,7.8,2.09,0.8333,0.8,0.8571,0.0,0.8333,,338.6,6.17,19.42,0.7955,16.6,0.2831,2.22,0.013,0.095,0.8592,-0.0062,0.0202,-0.7467,54,random
272,2230912,8669,21,290.7,2560.5,3.2,7.9,1.95,0.8889,1.0,0.75,0.0,0.8889,,344.6,6.24,16.78,0.8069,17.11,0.2841,2.24,0.0122,0.0944,0.8494,-0.0078,0.0232,-0.7631,54,random
273,2239104,8689,20,302.1,2464.7,3.3,7.7,2.07,0.75,0.5,0.8333,0.0,0.75,,395.3,6.4,11.88,0.8877,17.54,0.3099,2.43,0.0106,0.0974,0.8535,-0.009,0.0214,-0.7894,54,random
274,2247296,8718,29,313.2,2505.2,3.3,7.9,1.98,0.7692,0.7778,0.75,0.0,0.7692,,396.0,6.76,12.92,0.8168,17.13,0.2875,2.26,0.0118,0.0858,0.8176,-0.0087,0.0262,-0.7523,54,random
275,2255488,8738,20,324.3,2639.4,3.1,7.9,1.85,0.75,0.6,0.8571,0.0,0.75,,282.0,5.5,10.25,0.8569,17.47,0.2995,2.36,0.0113,0.0918,0.8924,-0.0076,0.0175,-0.7509,54,random
276,2263680,8762,24,335.7,2446.0,3.3,7.9,2.08,0.9167,1.0,0.8333,0.0,0.9167,,353.0,6.38,10.5,0.8835,17.57,0.3082,2.42,0.0109,0.1097,0.8869,-0.0076,0.0201,-0.7944,55,random
277,2271872,8789,27,347.4,2311.2,3.5,7.8,2.24,0.7333,0.9,0.4,0.0,0.7333,,350.9,6.56,12.4,0.8589,17.03,0.303,2.36,0.0144,0.1078,0.8479,-0.0061,0.0246,-0.7719,55,random
278,2280064,8807,18,358.7,2417.8,3.4,7.8,2.14,1.0,1.0,1.0,0.0,1.0,,332.4,5.89,11.0,0.8148,17.38,0.2854,2.26,0.0126,0.0968,0.8725,-0.0075,0.0154,-0.7764,55,random
279,2288256,8833,26,370.2,2311.6,3.5,7.9,2.27,0.7143,0.625,0.8333,0.0,0.7143,,385.0,7.08,7.93,0.8424,17.03,0.2971,2.32,0.014,0.1098,0.8243,-0.0067,0.0247,-0.7806,55,random
280,2296448,8859,26,382.0,2210.0,3.7,7.8,2.43,0.8182,0.75,0.8571,0.0,0.8182,,362.5,6.04,8.36,0.8744,16.54,0.3116,2.4,0.011,0.0944,0.7962,-0.0088,0.0284,-0.7925,55,random
281,2304640,8889,30,393.5,2310.1,3.5,7.9,2.28,0.95,0.9286,1.0,0.0,0.95,,243.3,5.27,13.95,0.8805,16.82,0.312,2.41,0.0125,0.0928,0.8277,-0.0084,0.0244,-0.8118,56,random
282,2312832,8926,37,405.1,2270.0,3.6,8.0,2.35,0.8571,0.9167,0.7778,0.0,0.8571,,312.7,6.03,12.62,0.8563,17.43,0.2996,2.35,0.0089,0.0903,0.8175,-0.0065,0.0331,-0.8014,56,random
283,2321024,8945,19,417.0,2201.1,3.7,7.6,2.52,0.8182,0.7143,1.0,0.0,0.8182,,276.6,5.0,13.64,0.8505,16.6,0.3027,2.34,0.0097,0.086,0.8363,-0.009,0.0253,-0.8129,56,random
284,2329216,8976,31,428.7,2078.6,3.9,8.0,2.63,0.7368,0.7,0.7778,0.0,0.7368,,283.6,5.9,9.68,0.8348,16.64,0.2969,2.3,0.0105,0.0942,0.8427,-0.0086,0.0273,-0.792,56,random
285,2337408,9006,30,440.7,2112.4,3.9,7.9,2.57,0.8125,0.8571,0.7778,0.0,0.8125,,280.9,5.5,13.19,0.8485,17.03,0.2993,2.34,0.0093,0.0853,0.8431,-0.0092,0.0253,-0.7506,56,random
286,2345600,9036,30,452.3,2266.8,3.6,7.6,2.34,0.7778,0.8,0.75,0.0,0.7778,,298.2,6.07,15.94,0.8385,16.85,0.2969,2.31,0.0107,0.0911,0.8257,-0.0077,0.0281,-0.7754,57,random
287,2353792,9052,16,463.8,2245.6,3.6,8.0,2.4,0.8182,0.875,0.6667,0.0,0.8182,,217.8,4.62,7.91,0.8521,17.77,0.2962,2.34,0.0104,0.0868,0.8988,-0.0091,0.0161,-0.7911,57,random
288,2361984,9075,23,475.6,2208.8,3.7,7.8,2.46,0.5833,0.2,0.8571,0.0,0.5833,,440.0,7.52,9.58,0.8185,17.49,0.2861,2.27,0.0132,0.1002,0.845,-0.0074,0.0229,-0.7865,57,random
289,2370176,9107,32,487.2,2277.8,3.6,7.8,2.34,0.8125,0.7143,0.8889,0.0,0.8125,,327.4,6.03,9.75,0.7964,17.08,0.2807,2.22,0.0101,0.0839,0.85,-0.0092,0.0241,-0.745,57,random
290,2378368,9128,21,498.7,2318.3,3.5,7.9,2.28,0.8333,0.8,0.8571,0.0,0.8333,,309.4,5.86,11.5,0.8203,17.49,0.2866,2.27,0.0092,0.0922,0.9011,-0.0083,0.0169,-0.7538,57,random
291,2386560,9147,19,510.2,2364.1,3.5,7.6,2.23,0.9167,1.0,0.8571,0.0,0.9167,,314.8,6.37,16.42,0.8295,17.56,0.2895,2.29,0.0105,0.0836,0.9116,-0.0076,0.0158,-0.7961,58,random
292,2394752,9178,31,521.6,2279.7,3.6,7.7,2.36,0.9231,0.8889,1.0,0.0,0.9231,,366.3,6.45,15.31,0.7809,16.67,0.2775,2.18,0.0106,0.0814,0.8863,-0.0086,0.0194,-0.7185,58,random
293,2402944,9207,29,533.1,2303.6,3.6,7.8,2.3,0.9286,1.0,0.8571,0.0,0.9286,,337.2,6.17,14.86,0.7628,16.0,0.2751,2.14,0.0094,0.0927,0.8381,-0.0089,0.0245,-0.6893,58,random
294,2411136,9224,17,544.4,2395.2,3.4,7.8,2.11,0.9167,1.0,0.8889,0.0,0.9167,,292.5,6.18,14.58,0.7751,17.69,0.2698,2.17,0.0096,0.0756,0.909,-0.0073,0.0154,-0.7171,58,random
295,2419328,9255,31,556.0,2289.0,3.6,7.9,2.31,0.8667,0.6667,1.0,0.0,0.8667,,314.7,5.84,14.13,0.8074,16.52,0.2879,2.24,0.0133,0.0998,0.895,-0.0065,0.0194,-0.7506,58,random
296,2427520,9280,25,567.6,2286.0,3.6,8.0,2.33,0.7333,0.7143,0.75,0.0,0.7333,,282.8,5.4,13.47,0.7795,17.84,0.2705,2.18,0.0092,0.0964,0.8563,-0.0045,0.0251,-0.7224,59,random
297,2435712,9303,23,579.5,2224.4,3.7,8.0,2.27,0.6923,0.5714,0.8333,0.0,0.6923,,291.0,5.83,14.77,0.7851,17.27,0.2756,2.19,0.0147,0.0998,0.8485,-0.0068,0.0291,-0.7216,59,random
298,2443904,9335,32,591.2,2303.8,3.6,7.9,2.21,0.6923,0.6,0.75,0.0,0.6923,,354.7,6.0,8.69,0.7762,16.34,0.2779,2.17,0.0086,0.0934,0.8327,-0.0061,0.0347,-0.7467,59,random
299,2452096,9365,30,602.8,2251.1,3.6,8.0,2.31,0.7143,0.8,0.6667,0.0,0.7143,,376.7,6.2,9.36,0.7209,15.72,0.2617,2.06,0.0097,0.084,0.8605,-0.0096,0.0255,-0.6957,59,random
300,2460288,9397,32,614.7,2236.4,3.7,8.1,2.39,1.0,1.0,1.0,0.0,1.0,,214.5,4.66,15.1,0.7447,15.54,0.2714,2.11,0.0103,0.0891,0.8577,-0.0073,0.024,-0.7267,59,random
301,2468480,9421,24,626.7,2198.8,3.7,8.2,2.46,0.9091,0.75,1.0,0.0,0.9091,,300.0,5.46,13.27,0.7958,16.56,0.2835,2.22,0.0093,0.0864,0.9086,-0.0092,0.0146,-0.7397,60,random
302,2476672,9439,18,638.8,2236.9,3.7,8.0,2.36,0.7778,1.0,0.5,0.0,0.7778,,282.9,5.28,12.89,0.8321,16.79,0.295,2.3,0.0118,0.0977,0.8978,-0.0056,0.0186,-0.7507,60,random
303,2484864,9471,32,650.2,2517.9,3.3,8.0,1.97,0.7647,0.75,0.7778,0.0,0.7647,,330.1,6.31,12.06,0.8571,17.55,0.2991,2.36,0.0105,0.0897,0.8581,-0.0082,0.0248,-0.7616,60,random
304,2493056,9493,22,661.6,2511.2,3.3,7.8,1.97,0.6667,0.5714,0.8,0.0,0.6667,,275.0,5.18,12.58,0.8331,17.54,0.2908,2.3,0.0104,0.0843,0.8356,-0.009,0.0261,-0.7574,60,random
305,2501248,9517,24,673.2,2285.4,3.6,8.1,2.28,0.75,0.6,1.0,0.0,0.75,,370.9,6.04,4.0,0.8236,16.73,0.2923,2.28,0.0117,0.0819,0.8497,-0.0088,0.026,-0.7648,60,random
306,2509440,9551,34,685.2,2142.0,3.8,7.9,2.45,0.625,0.5,0.75,0.0,0.625,,330.5,5.85,3.44,0.8009,16.15,0.2879,2.23,0.0091,0.0753,0.8116,-0.0089,0.0333,-0.7512,61,random
307,2517632,9578,27,697.1,2158.6,3.8,8.0,2.49,0.8,0.8,0.8,0.0,0.8,,278.7,5.44,10.47,0.7635,15.93,0.2758,2.15,0.01,0.0806,0.8629,-0.009,0.0246,-0.7223,61,random
308,2525824,9610,32,708.9,2263.8,3.6,8.1,2.32,0.8095,0.7778,0.8333,0.0,0.8095,,221.9,4.72,11.9,0.7549,16.29,0.2705,2.13,0.0093,0.0811,0.8622,-0.0081,0.0252,-0.7039,61,random
309,2534016,9638,28,720.8,2302.2,3.6,8.0,2.21,0.9091,1.0,0.8,0.0,0.9091,,385.2,6.57,18.73,0.7396,16.55,0.2635,2.1,0.0097,0.0839,0.8641,-0.0084,0.0217,-0.6696,61,random
310,2542208,9663,25,732.8,2150.0,3.8,8.2,2.49,0.8462,0.8889,0.75,0.0,0.8462,,244.2,4.64,6.69,0.6881,16.17,0.2472,1.99,0.0094,0.0809,0.8472,-0.0091,0.0246,-0.6654,61,random
311,2550400,9692,29,744.8,2245.1,3.6,7.8,2.38,0.6667,0.625,0.7,0.0,0.6667,,283.2,5.62,8.06,0.7298,16.92,0.258,2.07,0.01,0.0725,0.8264,-0.0086,0.0315,-0.6843,62,random
312,2558592,9707,15,756.3,2347.7,3.5,8.0,2.26,0.875,1.0,0.8333,0.0,0.875,,245.0,4.73,14.62,0.8344,17.05,0.2942,2.3,0.0102,0.0844,0.905,-0.0086,0.019,-0.7565,62,random
313,2566784,9741,34,767.8,2440.9,3.4,7.8,2.07,0.6842,0.6923,0.6667,0.0,0.6842,,342.9,6.5,14.79,0.752,16.61,0.2676,2.12,0.0115,0.1031,0.8447,-0.0074,0.0299,-0.705,62,random
314,2574976,9766,25,779.3,2337.5,3.5,8.0,2.23,0.8889,0.6667,1.0,0.0,0.8889,,369.5,6.04,14.67,0.79,17.54,0.2758,2.2,0.0115,0.0843,0.8519,-0.0071,0.026,-0.711,62,random
315,2583168,9791,25,790.6,2591.6,3.2,7.8,1.94,0.8182,1.0,0.75,0.0,0.8182,,302.8,5.76,15.18,0.7319,15.67,0.266,2.08,0.0114,0.0895,0.8451,-0.0066,0.0246,-0.6696,62,random
316,2591360,9811,20,801.8,2610.8,3.1,7.9,1.9,0.8182,1.0,0.7778,0.0,0.8182,,330.2,6.2,4.45,0.7029,16.66,0.2499,2.02,0.0083,0.0775,0.8271,-0.0081,0.0264,-0.6673,63,random
317,2599552,9836,25,812.9,2667.5,3.1,8.0,1.84,0.8182,0.6667,1.0,0.0,0.8182,,346.0,5.88,12.09,0.7561,17.25,0.2655,2.13,0.01,0.0809,0.8785,-0.0081,0.0212,-0.727,63,random
318,2607744,9855,19,824.4,2427.0,3.4,8.0,2.14,1.0,1.0,1.0,0.0,1.0,,364.2,6.74,9.36,0.7733,17.6,0.2697,2.17,0.0146,0.1077,0.8651,-0.0067,0.0186,-0.7173,63,random
319,2615936,9882,27,836.1,2346.6,3.5,8.0,2.23,0.9167,1.0,0.8889,0.0,0.9167,,357.1,6.04,15.75,0.7699,18.13,0.2657,2.16,0.0121,0.0949,0.8691,-0.0097,0.0221,-0.7111,63,random
320,2624128,9908,26,847.7,2360.9,3.5,7.9,2.2,0.75,0.7,0.8333,0.0,0.75,,358.3,6.65,8.75,0.7317,16.97,0.2584,2.08,0.014,0.0864,0.8963,-0.007,0.019,-0.6695,63,random
321,2632320,9930,22,859.1,2425.1,3.4,8.0,2.1,0.7273,0.625,1.0,0.0,0.7273,,309.4,5.77,9.09,0.7515,15.66,0.2732,2.12,0.0097,0.0808,0.8957,-0.0087,0.0182,-0.724,64,random
322,2640512,9950,20,870.6,2435.9,3.4,8.1,2.13,0.75,0.5,0.8333,0.0,0.75,,325.8,5.7,12.38,0.7707,16.25,0.2764,2.16,0.0115,0.0931,0.8638,-0.0084,0.0229,-0.7042,64,random
323,2648704,9976,26,882.3,2417.1,3.4,7.8,2.13,0.7692,0.7778,0.75,0.0,0.7692,,346.7,6.35,8.85,0.7438,16.53,0.2652,2.1,0.0099,0.0802,0.8702,-0.0089,0.022,-0.7197,64,random
324,2656896,10004,28,893.5,2537.4,3.2,7.9,1.96,0.9286,0.8333,1.0,0.0,0.9286,,316.5,5.79,16.93,0.7624,15.78,0.2764,2.14,0.0127,0.0952,0.8844,-0.0071,0.0223,-0.7367,64,random
325,2665088,10032,28,904.7,2527.9,3.2,8.1,2.02,0.7692,0.75,0.7778,0.0,0.7692,,383.5,6.46,9.08,0.7562,16.23,0.2713,2.13,0.0099,0.0887,0.8119,-0.0083,0.0278,-0.7102,64,random
326,2673280,10054,22,916.5,2355.6,3.5,8.0,2.19,0.75,0.6,0.8571,0.0,0.75,,308.6,5.59,9.42,0.8059,17.14,0.2836,2.24,0.0094,0.0891,0.87,-0.0066,0.0222,-0.7275,65,random
327,2681472,10078,24,928.3,2273.4,3.6,8.0,2.28,0.8182,0.75,1.0,0.0,0.8182,,289.7,5.38,9.09,0.7848,17.15,0.2762,2.19,0.0104,0.0988,0.905,-0.0072,0.0167,-0.7397,65,random
328,2689664,10098,20,940.2,2189.4,3.7,8.2,2.47,0.8182,0.8,0.8333,0.0,0.8182,,369.5,6.85,14.64,0.7721,16.76,0.2739,2.16,0.0091,0.0789,0.8753,-0.0092,0.0192,-0.739,65,random
329,2697856,10123,25,952.1,2258.5,3.6,8.1,2.35,0.8125,0.7143,0.8889,0.0,0.8125,,319.3,6.24,16.69,0.8319,17.37,0.2914,2.3,0.0081,0.0807,0.8613,-0.0083,0.0218,-0.7427,65,random
330,2706048,10152,29,964.3,2095.2,3.9,8.0,2.58,0.6111,0.5833,0.6667,0.0,0.6111,,330.9,6.17,8.22,0.7878,16.89,0.2787,2.2,0.0109,0.0883,0.8152,-0.0081,0.0277,-0.7108,65,random
331,2714240,10179,27,976.1,2304.1,3.6,7.9,2.25,0.9231,1.0,0.75,0.0,0.9231,,370.5,6.85,17.85,0.7652,16.75,0.2715,2.15,0.0097,0.0818,0.8117,-0.0071,0.0247,-0.699,66,random
332,2722432,10197,18,987.2,2620.4,3.1,8.0,1.87,0.7273,0.75,0.7143,0.0,0.7273,,324.1,6.11,16.73,0.8054,16.81,0.2854,2.24,0.0107,0.0972,0.8134,-0.0087,0.0174,-0.7336,66,random
333,2730624,10217,20,998.2,2917.6,2.8,8.0,1.55,0.6,0.3333,1.0,0.0,0.6,,442.2,7.3,1.0,0.7999,17.07,0.2819,2.23,0.0103,0.0744,0.8353,-0.0083,0.0144,-0.742,66,random
334,2738816,10237,20,1009.5,2536.0,3.2,7.6,1.92,0.5,0.0,1.0,0.0,0.5,,417.8,6.75,2.0,0.7541,15.84,0.273,2.13,0.0104,0.0971,0.8299,-0.0085,0.0217,-0.7191,66,random
335,2747008,10261,24,1020.9,2264.9,3.6,7.8,2.35,0.6667,0.6,1.0,0.0,0.6667,,318.6,6.25,6.42,0.8017,16.84,0.2839,2.23,0.0127,0.0849,0.8182,-0.0091,0.0252,-0.71,66,random
336,2755200,10279,18,1032.5,2230.5,3.7,7.9,2.39,0.7,0.6,0.8,0.0,0.7,,312.4,5.89,12.8,0.8365,16.81,0.2964,2.31,0.0103,0.0848,0.903,-0.0089,0.0171,-0.771,67,random
337,2763392,10307,28,1044.2,2241.1,3.7,8.2,2.36,0.7692,0.6667,0.8571,0.0,0.7692,,420.9,7.39,9.69,0.8089,17.33,0.2836,2.25,0.0116,0.095,0.9205,-0.0072,0.0153,-0.7599,67,random
338,2771584,10337,30,1056.5,2066.0,4.0,7.7,2.64,0.4706,0.5455,0.3333,0.0,0.4706,,290.2,5.77,2.35,0.7585,16.92,0.2682,2.14,0.0117,0.0932,0.8452,-0.0074,0.0292,-0.7131,67,random
339,2779776,10366,29,1068.3,2113.1,3.9,7.9,2.58,0.5714,0.25,0.7,0.0,0.5714,,315.0,5.79,3.86,0.7578,15.44,0.2769,2.13,0.0102,0.09,0.8971,-0.0073,0.0188,-0.7133,67,random
340,2787968,10393,27,1079.9,2242.2,3.7,7.8,2.36,0.7857,0.875,0.6667,0.0,0.7857,,341.6,6.78,7.93,0.8045,16.53,0.2868,2.24,0.0105,0.0937,0.8833,-0.0078,0.0239,-0.7126,67,random
341,2796160,10426,33,1091.4,2389.4,3.4,7.9,2.2,0.7,0.6667,0.7273,0.0,0.7,,237.3,5.15,7.5,0.7763,15.1,0.286,2.17,0.0105,0.0817,0.8741,-0.0079,0.0243,-0.7146,68,random
342,2804352,10451,25,1102.8,2415.7,3.4,7.7,2.19,0.8462,0.8333,0.8571,0.0,0.8462,,278.5,5.28,17.23,0.7668,16.05,0.2762,2.15,0.0085,0.0662,0.8856,-0.0088,0.0194,-0.7289,68,random
343,2812544,10473,22,1114.3,2291.2,3.6,8.0,2.27,0.8889,0.8,1.0,0.0,0.8889,,312.5,5.45,6.67,0.8057,16.76,0.2858,2.24,0.0107,0.0869,0.8563,-0.0078,0.0204,-0.7252,68,random
344,2820736,10502,29,1126.2,2206.1,3.7,8.1,2.39,0.7333,0.6667,0.8333,0.0,0.7333,,303.7,6.21,5.27,0.7804,17.12,0.2748,2.18,0.0114,0.0827,0.8164,-0.0081,0.0276,-0.7167,68,random
345,2828928,10532,30,1137.8,2448.7,3.3,8.0,2.1,0.8,0.6,0.9,0.0667,0.8,,284.5,5.5,12.6,0.8053,16.79,0.2855,2.24,0.0101,0.0859,0.8747,-0.0089,0.024,-0.7368,68,random
346,2837120,10550,18,1149.1,2543.2,3.2,7.9,2.02,0.7778,0.75,0.8,0.1111,0.7778,,276.0,5.28,8.56,0.803,16.39,0.2871,2.23,0.0102,0.0764,0.9181,-0.0077,0.0165,-0.7175,69,random
347,2845312,10579,29,1160.7,2332.1,3.5,8.0,2.25,0.7,0.75,0.6667,0.0,0.7,,384.3,6.41,16.3,0.8117,16.72,0.2882,2.25,0.0101,0.0794,0.9214,-0.0079,0.0181,-0.7474,69,random
348,2853504,10600,21,1172.4,2376.1,3.4,8.3,2.2,0.8182,0.8571,0.75,0.0,0.8182,,376.5,7.29,12.91,0.7782,16.14,0.2798,2.18,0.0091,0.0743,0.911,-0.0086,0.0163,-0.713,69,random
349,2861696,10623,23,1184.2,2426.0,3.4,8.2,2.1,0.6364,0.6,0.6667,0.0,0.6364,,336.4,5.96,9.09,0.7473,16.59,0.266,2.11,0.0112,0.0904,0.8841,-0.0079,0.0218,-0.6998,69,random
350,2869888,10647,24,1195.8,2524.8,3.2,7.9,1.96,1.0,1.0,1.0,0.0,1.0,,356.0,6.54,18.64,0.7357,16.05,0.265,2.09,0.0095,0.0829,0.8795,-0.0082,0.0198,-0.6969,69,random
351,2878080,10667,20,1207.4,2318.8,3.5,7.8,2.18,0.6,0.6667,0.5,0.0,0.6,,321.2,5.9,8.9,0.7188,16.44,0.2567,2.05,0.0102,0.0742,0.8647,-0.0088,0.0189,-0.7028,70,random
352,2886272,10690,23,1218.5,2584.7,3.2,8.1,1.92,0.5,0.2857,0.7143,0.0,0.5,,313.0,5.87,1.14,0.7875,17.26,0.2764,2.2,0.0119,0.085,0.8681,-0.0098,0.0198,-0.7287,70,random
353,2894464,10718,28,1230.1,2437.4,3.4,7.6,2.09,0.8889,0.6667,1.0,0.0,0.8889,,392.4,6.39,12.22,0.7894,16.58,0.2811,2.2,0.0131,0.0934,0.8825,-0.0076,0.0227,-0.7128,70,random
354,2902656,10745,27,1241.3,2342.2,3.5,7.7,2.21,0.7143,0.5714,0.8571,0.0,0.7143,,323.7,5.78,10.71,0.7671,16.56,0.2733,2.15,0.0099,0.0974,0.8976,-0.0072,0.0224,-0.6973,70,random
355,2910848,10775,30,1252.9,2166.7,3.8,7.9,2.49,0.6667,0.5455,0.8571,0.0,0.6667,,281.6,5.63,4.17,0.7982,18.03,0.276,2.22,0.009,0.0736,0.8985,-0.008,0.0232,-0.7058,70,random
356,2919040,10801,26,1264.9,2113.8,3.9,8.0,2.58,0.8571,0.75,1.0,0.0,0.8571,,338.8,6.42,13.86,0.7224,15.44,0.264,2.06,0.0116,0.0948,0.9174,-0.0071,0.0146,-0.7,71,random
357,2927232,10825,24,1276.4,2425.2,3.4,7.9,2.09,0.9375,0.875,1.0,0.0,0.9375,,340.1,6.83,10.19,0.752,17.15,0.2646,2.12,0.0108,0.0813,0.8616,-0.0079,0.022,-0.6577,71,random
358,2935424,10840,15,1287.6,2640.9,3.1,7.9,1.78,0.5714,0.6667,0.5,0.0,0.5714,,311.5,5.87,13.57,0.7204,16.02,0.2597,2.06,0.0088,0.0832,0.9173,-0.0067,0.018,-0.6823,71,random
359,2943616,10869,29,1298.8,2614.7,3.1,8.0,1.87,0.7273,0.5,0.7778,0.0,0.7273,,323.5,5.52,8.73,0.7547,16.39,0.2698,2.13,0.0103,0.0795,0.8889,-0.0082,0.0212,-0.6793,71,random
360,2951808,10891,22,1310.1,2640.2,3.1,7.7,1.8,0.5,0.3333,0.6667,0.0,0.5,,358.0,5.82,9.5,0.7425,16.86,0.2628,2.1,0.0107,0.0814,0.8667,-0.0072,0.0241,-0.6996,71,random
361,2960000,10914,23,1321.4,2347.6,3.5,7.8,2.14,0.6667,0.6,1.0,0.0,0.6667,,377.7,6.13,1.83,0.7273,15.7,0.2641,2.07,0.0115,0.0976,0.8703,-0.0058,0.0229,-0.6943,72,random
362,2968192,10941,27,1333.1,2182.1,3.8,7.7,2.48,0.7857,0.75,0.8333,0.0,0.7857,,350.0,6.22,12.79,0.7321,16.09,0.2635,2.08,0.0117,0.0897,0.8751,-0.0094,0.022,-0.6753,72,random
363,2976384,10965,24,1344.6,2302.7,3.6,7.8,2.27,0.7143,0.5,0.8,0.0,0.7143,,314.8,6.12,8.0,0.7644,16.45,0.273,2.15,0.0117,0.0827,0.9036,-0.0077,0.0184,-0.7106,72,random
364,2984576,10993,28,1356.0,2324.2,3.5,7.8,2.23,0.8667,0.8889,0.8333,0.0,0.8667,,274.6,5.39,16.27,0.7463,16.08,0.2687,2.11,0.0115,0.0891,0.8816,-0.008,0.0202,-0.6992,72,random
365,2992768,11021,28,1367.5,2348.9,3.5,7.8,2.2,0.8462,0.7778,1.0,0.0,0.8462,,360.1,6.32,14.08,0.7178,15.63,0.2611,2.05,0.0105,0.0891,0.8695,-0.0081,0.0258,-0.6781,72,random
366,3000960,11047,26,1379.0,2294.3,3.6,8.0,2.25,0.8,0.7143,0.875,0.0,0.8,,301.3,5.46,12.87,0.7405,15.97,0.2673,2.1,0.0094,0.0811,0.8785,-0.0087,0.022,-0.6866,73,random
367,3009152,11067,20,1391.0,2139.0,3.8,7.9,2.49,0.5833,0.3333,0.8333,0.0,0.5833,,276.6,5.35,-0.92,0.8058,16.75,0.2859,2.24,0.0116,0.0931,0.8772,-0.0086,0.018,-0.7538,73,random
368,3017344,11096,29,1402.9,2113.2,3.9,7.8,2.51,0.75,0.5,0.875,0.0,0.75,,336.8,6.07,7.67,0.7608,16.09,0.2738,2.14,0.0097,0.0878,0.8757,-0.0085,0.0219,-0.7323,73,random
369,3025536,11124,28,1414.7,2179.9,3.8,7.9,2.47,0.9231,0.8333,1.0,0.0,0.9231,,340.0,6.5,10.92,0.7516,16.01,0.271,2.12,0.0142,0.0941,0.8757,-0.0086,0.0234,-0.6823,73,random
370,3033728,11152,28,1426.3,2282.6,3.6,7.9,2.23,0.8462,1.0,0.8,0.0,0.8462,,268.1,5.25,10.38,0.7609,15.78,0.2758,2.14,0.0117,0.0916,0.884,-0.0085,0.0229,-0.7136,73,random
371,3041920,11177,25,1438.3,2116.9,3.9,8.2,2.46,0.7778,0.75,0.8,0.0,0.7778,,373.0,6.36,13.44,0.7727,16.34,0.2766,2.17,0.0108,0.0861,0.8939,-0.0101,0.0191,-0.6962,74,random
372,3050112,11196,19,1450.3,2255.3,3.6,7.9,2.28,0.6429,0.6,0.6667,0.0,0.6429,,245.7,5.58,5.07,0.798,17.0,0.2816,2.22,0.0096,0.0785,0.9119,-0.0092,0.016,-0.7196,74,random
373,3058304,11218,22,1461.9,2336.4,3.5,8.1,2.2,0.6667,0.75,0.625,0.0,0.6667,,332.4,6.09,9.5,0.794,17.46,0.2776,2.21,0.015,0.0896,0.8466,-0.008,0.0243,-0.7075,74,random
374,3066496,11245,27,1474.0,2105.3,3.9,8.2,2.56,0.9091,0.8,1.0,0.0,0.9091,,355.5,6.07,15.36,0.76,16.86,0.269,2.14,0.0131,0.0949,0.8706,-0.0078,0.0233,-0.7128,74,random
375,3074688,11275,30,1486.2,2128.2,3.8,8.1,2.49,0.8235,0.875,0.7778,0.0,0.8235,,303.1,5.83,9.41,0.7433,16.32,0.2662,2.1,0.0113,0.0988,0.8598,-0.0076,0.0312,-0.6904,74,random
376,3082880,11304,29,1498.5,2063.6,4.0,8.0,2.62,0.7143,0.75,0.6667,0.0,0.7143,,307.8,5.48,6.93,0.6919,15.82,0.2506,2.0,0.0101,0.0871,0.8468,-0.0081,0.0283,-0.6786,75,random
377,3091072,11337,33,1510.6,2094.4,3.9,7.9,2.56,0.8,0.7778,0.8182,0.0,0.8,,299.0,5.85,13.45,0.7368,16.02,0.2656,2.09,0.0116,0.0861,0.8655,-0.0073,0.0243,-0.6543,75,random
378,3099264,11359,22,1522.3,2205.7,3.7,8.0,2.46,0.6429,0.5556,0.8,0.0,0.6429,,296.4,6.14,7.43,0.7029,15.57,0.256,2.02,0.0111,0.0906,0.8787,-0.0077,0.021,-0.6777,75,random
379,3107456,11387,28,1534.1,2278.5,3.6,8.0,2.32,0.7857,0.8333,0.75,0.0,0.7857,,303.6,5.39,9.21,0.7481,16.4,0.2675,2.11,0.0134,0.0772,0.8275,-0.0078,0.0261,-0.6893,75,random
380,3115648,11408,21,1546.1,2183.9,3.8,8.2,2.45,0.6,0.8,0.4,0.0,0.6,,323.4,6.19,3.6,0.6902,15.9,0.2495,1.99,0.0117,0.0885,0.8287,-0.0072,0.0235,-0.668,75,random
381,3123840,11439,31,1558.0,2303.1,3.6,8.1,2.25,0.8235,0.7778,0.875,0.0,0.8235,,334.0,6.52,11.18,0.6984,15.97,0.2521,2.01,0.0105,0.0886,0.8689,-0.0081,0.0215,-0.6531,76,random
382,3132032,11482,43,1570.0,2170.0,3.8,8.2,2.38,0.85,1.0,0.6667,0.0,0.85,,248.8,4.81,13.65,0.6614,15.25,0.2427,1.94,0.0085,0.0627,0.8133,-0.0081,0.0326,-0.6127,76,random
383,3140224,11512,30,1582.5,2002.8,4.1,8.3,2.77,0.6923,0.625,0.8,0.0,0.6923,,260.5,4.73,10.15,0.6874,15.38,0.2515,1.99,0.0103,0.0857,0.8185,-0.0067,0.0262,-0.6426,76,random
384,3148416,11536,24,1595.3,1867.8,4.4,7.9,3.07,0.9286,0.8889,1.0,0.0,0.9286,,299.0,5.92,11.5,0.7467,16.99,0.2636,2.11,0.0091,0.074,0.8508,-0.0078,0.0234,-0.6823,76,random
385,3156608,11572,36,1607.3,2089.0,3.9,7.9,2.6,0.7083,0.6429,0.8,0.0,0.7083,,218.1,4.86,8.17,0.6893,15.55,0.2512,1.99,0.0103,0.0793,0.832,-0.0071,0.0298,-0.6281,76,random
386,3164800,11596,24,1619.2,2135.4,3.8,8.0,2.51,0.8125,0.8333,0.8,0.0,0.8125,,317.2,6.83,14.69,0.7468,15.94,0.2697,2.11,0.0141,0.0857,0.8666,-0.0089,0.0192,-0.6553,77,random
387,3172992,11620,24,1631.0,2203.1,3.7,7.9,2.43,0.8333,0.7143,1.0,0.0,0.8333,,294.5,5.58,12.92,0.7102,16.3,0.2544,2.03,0.0086,0.0734,0.8804,-0.0077,0.0199,-0.659,77,random
388,3181184,11639,19,1642.4,2446.8,3.3,8.4,2.08,1.0,1.0,1.0,0.0,1.0,,315.7,6.26,16.73,0.7437,16.73,0.264,2.1,0.0094,0.0902,0.8991,-0.0078,0.0162,-0.6755,77,random
389,3189376,11657,18,1654.2,2615.8,3.1,8.0,1.87,0.6667,0.6,0.75,0.0,0.6667,,378.9,6.89,12.0,0.7262,16.09,0.2614,2.07,0.0092,0.0822,0.9222,-0.0081,0.0129,-0.6712,77,random
390,3197568,11686,29,1665.8,2369.1,3.5,8.0,2.1,0.8889,0.8,1.0,0.0,0.8889,,374.1,6.41,8.0,0.6646,15.3,0.2436,1.94,0.0093,0.081,0.8925,-0.0077,0.0205,-0.6113,77,random
391,3205760,11715,29,1677.3,2424.2,3.4,7.6,2.1,0.8462,0.6667,1.0,0.0,0.8462,,320.1,5.86,10.46,0.6605,15.23,0.2425,1.94,0.0112,0.09,0.8639,-0.0072,0.0296,-0.6214,78,random
392,3213952,11739,24,1688.8,2212.0,3.7,7.8,2.43,0.75,0.75,0.75,0.0,0.75,,311.5,5.42,5.92,0.6604,14.71,0.2456,1.94,0.0104,0.084,0.8754,-0.0081,0.0236,-0.6111,78,random
393,3222144,11769,30,1700.8,2042.6,4.0,8.1,2.63,0.75,0.7143,0.7778,0.0625,0.75,,308.6,5.63,6.75,0.6579,16.19,0.2363,1.93,0.0111,0.0851,0.8875,-0.0072,0.0208,-0.6103,78,random
394,3230336,11783,14,1712.6,2347.7,3.5,8.1,2.18,0.5,0.0,1.0,0.0,0.5,,345.5,6.36,-0.33,0.7192,16.11,0.2588,2.05,0.0089,0.0764,0.9133,-0.0089,0.0168,-0.6562,78,random
395,3238528,11811,28,1724.3,2349.5,3.5,8.0,2.27,0.7857,0.7143,0.8571,0.0,0.7857,,342.0,6.39,13.43,0.6919,15.97,0.2497,2.0,0.0097,0.0785,0.8362,-0.0073,0.0321,-0.6584,78,random
396,3246720,11834,23,1735.8,2398.7,3.4,7.8,2.17,0.8333,0.5,1.0,0.0,0.8333,,409.5,6.65,10.0,0.6985,16.16,0.2511,2.01,0.0084,0.077,0.8777,-0.0096,0.0225,-0.6586,79,random
397,3254912,11857,23,1747.4,2287.8,3.6,7.9,2.31,0.6364,0.5,0.8,0.0909,0.6364,,402.9,7.17,4.91,0.7554,16.67,0.2685,2.13,0.0097,0.0766,0.9237,-0.0084,0.0161,-0.6764,79,random
398,3263104,11887,30,1758.8,2407.2,3.4,7.8,2.17,0.8571,0.8571,0.8571,0.0,0.8571,,259.2,5.0,9.5,0.7032,15.57,0.2561,2.02,0.0095,0.0763,0.8285,-0.0082,0.0298,-0.6378,79,random
399,3271296,11913,26,1770.2,2388.9,3.4,7.6,2.1,0.9231,0.875,1.0,0.0,0.9231,,300.3,5.85,13.23,0.7052,15.58,0.2568,2.02,0.0075,0.0655,0.8974,-0.0085,0.0193,-0.6401,79,random
400,3279488,11940,27,1781.5,2346.6,3.5,7.6,2.19,0.6429,0.5,0.75,0.0,0.6429,,256.6,4.78,3.14,0.6952,15.76,0.2521,2.0,0.0087,0.0712,0.9006,-0.0081,0.0192,-0.6318,79,random
401,3287680,11969,29,1792.6,2382.3,3.4,7.6,2.21,0.8462,0.8889,0.75,0.0,0.8462,,317.6,5.69,10.0,0.676,15.16,0.2486,1.97,0.0093,0.079,0.8293,-0.0086,0.0288,-0.6457,80,random
402,3295872,11992,23,1803.6,2544.7,3.2,7.7,1.95,0.5385,0.5556,0.5,0.0,0.5385,,283.4,5.87,0.69,0.7064,15.5,0.2578,2.03,0.0108,0.0804,0.91,-0.0073,0.0185,-0.6859,80,random
403,3306176,12026,26,4.7,1797.8,4.6,7.7,3.37,0.92,1.0,0.8824,0.0,0.92,,70.2,2.35,9.56,0.5533,12.9,0.2163,1.74,0.0098,0.0646,0.8716,-0.0055,0.0243,-0.4918,80,random
404,3314368,12050,24,16.6,2009.0,4.1,8.0,2.8,0.5,0.4,0.625,0.0,0.5,,146.8,3.79,3.72,0.6745,14.34,0.2533,1.96,0.0098,0.0802,0.8985,-0.0044,0.0206,-0.6312,80,random
405,3322560,12072,22,28.3,2352.1,3.5,7.8,2.19,0.75,0.6667,0.8333,0.0,0.75,,276.0,5.82,8.08,0.7637,16.51,0.2724,2.15,0.0104,0.0794,0.9235,-0.0065,0.0148,-0.6942,80,random
406,3330752,12094,22,39.7,2361.9,3.5,7.8,2.16,0.6667,0.5,0.8,0.0,0.6667,,309.6,5.77,4.0,0.7243,15.81,0.2624,2.06,0.0113,0.0789,0.8899,-0.0089,0.0202,-0.6683,81,random
407,3338944,12122,28,51.5,2092.2,3.9,7.8,2.54,0.8,0.7143,1.0,0.0,0.8,,307.3,5.43,5.2,0.7629,16.06,0.2748,2.14,0.0093,0.0917,0.912,-0.008,0.0187,-0.7188,81,random
408,3347136,12152,30,63.7,1996.1,4.1,8.0,2.72,0.6111,0.4,0.875,0.0,0.6111,,296.4,5.7,-0.89,0.728,16.0,0.2626,2.07,0.0099,0.0792,0.8677,-0.0085,0.0271,-0.682,81,random
409,3355328,12185,33,75.7,2105.1,3.9,8.1,2.42,0.6842,0.5,1.0,0.0,0.6842,,263.2,5.06,6.37,0.7412,15.76,0.2688,2.1,0.0104,0.0929,0.8641,-0.0066,0.0299,-0.6762,81,random
410,3363520,12206,21,87.7,2238.5,3.7,7.8,2.27,0.9167,0.8,1.0,0.0,0.9167,,274.0,5.43,13.08,0.7541,15.99,0.272,2.13,0.0109,0.08,0.907,-0.0079,0.0182,-0.6948,81,random
411,3371712,12228,22,99.1,2350.1,3.5,7.7,2.16,0.8571,0.8571,,0.0,0.8571,,361.3,5.95,9.14,0.7901,16.43,0.2822,2.2,0.0133,0.0921,0.8757,-0.008,0.021,-0.7136,82,random
412,3379904,12247,19,110.5,2341.3,3.5,7.8,2.19,0.6667,,0.6667,0.0,0.6667,,342.7,6.42,8.33,0.7652,15.94,0.2764,2.15,0.0079,0.076,0.914,-0.0094,0.0166,-0.7192,82,random
413,3388096,12276,29,122.0,2313.2,3.5,7.8,2.22,0.8462,1.0,0.7143,0.0,0.8462,,297.6,4.97,14.85,0.7828,16.14,0.2814,2.19,0.0111,0.0835,0.8702,-0.0084,0.0237,-0.7119,82,random
414,3396288,12302,26,133.6,2221.4,3.7,7.9,2.35,0.7,0.5,0.8333,0.0,0.7,,349.0,6.19,3.7,0.7804,16.72,0.2771,2.18,0.0119,0.0827,0.8829,-0.0101,0.019,-0.7093,82,random
415,3404480,12328,26,145.7,2003.2,4.1,8.0,2.73,0.5455,0.2,0.8333,0.0,0.5455,,376.6,6.42,2.82,0.8063,16.92,0.2851,2.24,0.0104,0.084,0.8078,-0.0088,0.0247,-0.7243,82,random
416,3412672,12350,22,157.9,2081.5,3.9,8.0,2.57,0.9167,1.0,0.8889,0.0,0.9167,,341.2,6.27,3.0,0.7467,15.37,0.2733,2.11,0.0111,0.0881,0.805,-0.0073,0.0276,-0.6924,83,random
417,3420864,12378,28,169.7,2227.5,3.7,8.1,2.31,0.8333,0.8182,0.8571,0.0,0.8333,,281.0,5.71,2.72,0.7593,15.4,0.2777,2.14,0.0136,0.0991,0.8477,-0.0086,0.0208,-0.7085,83,random
418,3429056,12393,15,181.4,2351.2,3.5,7.7,2.18,1.0,,1.0,0.0,1.0,,307.1,5.67,19.17,0.7851,16.74,0.2786,2.19,0.0124,0.0861,0.9074,-0.0101,0.0138,-0.7066,83,random
419,3437248,12416,23,192.9,2323.7,3.5,7.8,2.21,0.75,0.5,1.0,0.0,0.75,,408.7,7.39,11.92,0.7919,16.33,0.2836,2.21,0.0126,0.0904,0.9138,-0.0093,0.0148,-0.7379,83,random
420,3445440,12448,32,204.9,1991.8,4.1,7.7,2.67,0.9286,1.0,0.9,0.0,0.9286,,352.3,6.22,14.36,0.7314,15.82,0.2649,2.08,0.0094,0.0809,0.859,-0.0085,0.0273,-0.6922,83,random
421,3453632,12478,30,216.8,2027.9,4.0,7.7,2.7,0.6923,0.5714,0.8333,0.0,0.6923,,331.7,5.77,7.77,0.7252,15.67,0.2635,2.07,0.0105,0.0757,0.8946,-0.0101,0.0183,-0.6522,84,random
422,3461824,12502,24,228.8,1978.8,4.1,7.9,2.79,0.7857,0.7143,0.8571,0.0,0.7857,,329.4,6.29,4.79,0.769,16.61,0.2736,2.16,0.0101,0.0795,0.8505,-0.0081,0.023,-0.6911,84,random
423,3470016,12525,23,241.1,1932.9,4.2,7.7,2.98,0.4545,0.3333,0.6,0.0909,0.4545,,343.8,6.61,-1.0,0.7769,16.56,0.2768,2.17,0.0113,0.0888,0.8921,-0.0094,0.0197,-0.7047,84,random
424,3478208,12557,32,253.4,1840.7,4.5,7.8,3.14,0.8095,0.7778,0.8333,0.0,0.8095,,255.2,5.41,6.48,0.7616,16.35,0.2726,2.14,0.0104,0.0867,0.896,-0.0085,0.0233,-0.7083,84,random
425,3486400,12582,25,265.5,1989.4,4.1,7.9,2.76,0.8235,0.5714,1.0,0.0,0.8235,,225.2,4.92,9.76,0.7268,15.42,0.2657,2.07,0.0112,0.0806,0.8827,-0.0088,0.0231,-0.6969,84,random
426,3494592,12614,32,277.5,2073.2,4.0,7.7,2.6,0.7273,0.6667,0.8571,0.0,0.7273,,314.8,6.56,1.27,0.7468,15.91,0.2699,2.11,0.0102,0.0848,0.8293,-0.0088,0.0312,-0.7043,85,random
427,3502784,12644,30,289.2,2153.3,3.8,8.1,2.43,0.6923,0.5714,0.8333,0.0,0.6923,,363.3,6.13,10.46,0.7367,15.36,0.2697,2.09,0.0152,0.1131,0.8632,-0.0045,0.0263,-0.6847,85,random
428,3510976,12669,25,301.1,2232.8,3.7,7.7,2.4,0.75,0.8571,0.6,0.0,0.75,,228.8,4.44,8.42,0.7472,16.19,0.2683,2.11,0.0114,0.0852,0.8987,-0.0079,0.0183,-0.7026,85,random
429,3519168,12701,32,313.0,2040.6,4.0,7.6,2.66,0.6667,0.4286,0.8182,0.0,0.6667,,270.9,5.59,2.11,0.7909,16.03,0.285,2.21,0.0122,0.0891,0.8761,-0.0084,0.0235,-0.7283,85,random
430,3527360,12724,23,324.5,2225.0,3.7,7.4,2.39,0.8462,0.5,1.0,0.0,0.8462,,315.8,6.0,14.92,0.806,16.32,0.2886,2.24,0.0105,0.0822,0.8548,-0.0084,0.0243,-0.7388,85,random
431,3535552,12750,26,335.6,2303.0,3.6,7.5,2.25,0.5,0.5,0.5,0.0,0.5,,287.7,5.46,-3.08,0.779,15.55,0.2839,2.18,0.0137,0.0954,0.8382,-0.0071,0.0266,-0.7308,86,random
432,3543744,12791,41,346.9,2261.9,3.6,7.5,2.28,0.5263,0.5,0.5714,0.0,0.5263,,275.1,5.2,2.0,0.8006,15.26,0.2938,2.23,0.0113,0.0811,0.8363,-0.009,0.031,-0.7154,86,random
433,3551936,12817,26,358.4,2146.4,3.8,7.4,2.52,0.75,0.5,1.0,0.0,0.75,,299.7,5.04,7.5,0.7941,16.06,0.286,2.21,0.0104,0.0906,0.8527,-0.009,0.0263,-0.7127,86,random
434,3560128,12842,25,370.4,1858.0,4.4,7.7,3.11,0.8889,0.8333,1.0,0.0,0.8889,,299.1,5.08,11.33,0.8116,16.16,0.2917,2.25,0.0094,0.0805,0.878,-0.0082,0.0204,-0.761,86,random
435,3568320,12876,34,382.8,1820.1,4.5,7.9,3.23,0.6923,0.5625,0.9,0.0385,0.6923,,246.6,5.85,9.23,0.8231,15.83,0.298,2.28,0.0125,0.0913,0.8368,-0.009,0.028,-0.7611,86,random
436,3576512,12904,28,395.0,1984.9,4.1,7.5,2.85,0.65,0.7273,0.5556,0.0,0.65,,239.1,5.64,8.55,0.7674,16.3,0.275,2.15,0.0106,0.089,0.8132,-0.0075,0.0273,-0.7189,87,random
437,3584704,12928,24,406.8,1956.3,4.2,7.6,2.9,0.8462,0.7778,1.0,0.0,0.8462,,333.1,6.04,4.46,0.8147,16.02,0.2937,2.26,0.0133,0.1017,0.8425,-0.0091,0.0254,-0.7646,87,random
438,3592896,12955,27,418.7,1985.5,4.1,3.8,2.78,0.6316,0.5,0.8571,0.0,0.6316,,335.0,6.81,4.63,0.8246,16.43,0.2946,2.28,0.0149,0.0779,0.8038,-0.0036,0.0249,-0.7707,87,random
439,3601088,12981,26,426.7,2030.1,4.0,7.6,2.76,0.8667,0.6,1.0,0.0,0.8667,,292.8,6.08,7.53,0.832,17.06,0.2933,2.3,0.0133,0.0919,0.8171,-0.0068,0.0237,-0.7633,87,random
440,3609280,13006,25,438.6,2033.7,4.0,7.7,2.76,0.7857,0.8333,0.75,0.0,0.7857,,266.6,5.28,5.79,0.7547,16.13,0.2714,2.13,0.0104,0.085,0.8472,-0.0092,0.0211,-0.7252,87,random
441,3617472,13028,22,450.3,2138.7,3.8,7.8,2.52,0.4545,0.375,0.6667,0.0,0.4545,,414.5,7.41,-3.64,0.82,16.88,0.2901,2.27,0.0101,0.0853,0.8675,-0.0088,0.0192,-0.7371,88,random
442,3625664,13053,25,462.3,2037.5,4.0,7.8,2.71,0.8462,0.7143,1.0,0.0,0.8462,,342.0,6.32,5.38,0.7582,15.93,0.2739,2.13,0.0108,0.0829,0.8567,-0.0094,0.0186,-0.7113,88,random
443,3633856,13081,28,474.7,1823.8,4.5,7.5,3.13,0.8333,0.7778,0.8889,0.0,0.8333,,258.4,5.61,5.06,0.7816,16.97,0.2761,2.19,0.0094,0.0722,0.8609,-0.0085,0.0233,-0.7045,88,random
444,3642048,13110,29,486.4,2058.3,4.0,7.9,2.64,0.7222,0.6667,0.7778,0.0,0.7222,,272.6,5.38,7.78,0.7919,16.31,0.2837,2.21,0.0111,0.0947,0.8299,-0.008,0.0287,-0.7141,88,random
445,3650240,13132,22,498.6,1992.6,4.1,7.7,2.76,0.6667,0.75,0.6,0.0,0.6667,,385.8,6.91,10.78,0.724,15.62,0.2634,2.06,0.0121,0.0974,0.8517,-0.0065,0.0258,-0.6774,88,random
446,3658432,13157,25,510.0,2284.6,3.6,7.7,2.33,0.5833,0.5,0.6667,0.0,0.5833,,372.6,6.8,4.5,0.7091,15.08,0.2613,2.03,0.0101,0.0915,0.8377,-0.0074,0.0229,-0.6763,89,random
447,3666624,13184,27,521.4,2306.6,3.6,7.7,2.33,0.5833,0.6,0.5714,0.0,0.5833,,330.8,6.22,8.42,0.7351,15.6,0.2676,2.09,0.0082,0.0689,0.858,-0.0097,0.0197,-0.6812,89,random
448,3674816,13205,21,533.0,2205.3,3.7,7.5,2.37,0.6667,0.4,0.8571,0.0,0.6667,,271.0,5.52,6.33,0.7062,15.29,0.259,2.03,0.0086,0.0723,0.911,-0.0085,0.0145,-0.6801,89,random
449,3683008,13227,22,544.3,2260.8,3.6,7.5,2.35,0.75,0.6667,0.7778,0.0,0.75,,324.2,6.18,5.42,0.7376,16.07,0.2656,2.09,0.0104,0.0892,0.9177,-0.0097,0.0147,-0.6738,89,random
450,3691200,13260,33,555.7,2165.4,3.8,7.5,2.48,0.7333,0.6,0.8,0.0,0.7333,,346.6,6.21,6.87,0.7058,16.09,0.2541,2.03,0.0147,0.1003,0.7607,-0.0056,0.0348,-0.678,89,random
451,3699392,13281,21,567.0,2212.3,3.7,7.6,2.38,0.9231,0.875,1.0,0.0,0.9231,,294.1,5.81,10.38,0.7226,16.04,0.2603,2.06,0.0092,0.084,0.849,-0.0063,0.0216,-0.6708,90,random
452,3707584,13306,25,578.8,2067.1,4.0,7.5,2.61,0.7273,0.4,1.0,0.0,0.7273,,373.1,6.4,6.55,0.7478,16.64,0.266,2.11,0.0144,0.1063,0.8663,-0.0075,0.0219,-0.6714,90,random
453,3715776,13327,21,590.0,2304.6,3.6,7.5,2.28,0.7273,1.0,0.625,0.0,0.7273,,338.0,6.29,13.55,0.7357,16.02,0.2652,2.09,0.0093,0.0859,0.8724,-0.0078,0.0208,-0.7057,90,random
454,3723968,13364,37,601.2,2289.5,3.6,7.7,2.33,0.5,0.3333,0.6667,0.0,0.5,,327.9,6.08,-0.83,0.7309,15.42,0.2672,2.08,0.0102,0.0777,0.8673,-0.008,0.026,-0.6595,90,random
455,3732160,13384,20,613.0,2064.1,4.0,7.4,2.65,0.875,0.8333,0.9,0.0,0.875,,208.8,4.85,11.19,0.695,15.2,0.2554,2.0,0.0096,0.0793,0.9214,-0.0084,0.0155,-0.6868,90,random
456,3740352,13414,30,624.3,2203.1,3.7,7.7,2.41,0.6429,0.5714,0.7143,0.0,0.6429,,327.7,5.67,2.29,0.7548,15.42,0.2759,2.13,0.011,0.084,0.8741,-0.0088,0.0248,-0.6993,91,random
457,3748544,13444,30,636.1,2091.9,3.9,7.7,2.56,0.8824,0.9091,0.8333,0.0,0.8824,,313.5,5.97,5.65,0.7233,15.73,0.2625,2.06,0.0106,0.0872,0.8202,-0.0062,0.0346,-0.6796,91,random
458,3756736,13471,27,647.7,2235.7,3.7,7.8,2.29,0.4545,0.6,0.3333,0.0,0.4545,,302.7,5.56,1.45,0.72,15.13,0.265,2.05,0.0104,0.0875,0.8291,-0.0071,0.0271,-0.6686,91,random
459,3764928,13494,23,659.4,2192.0,3.7,8.0,2.43,0.8667,0.8333,0.8889,0.0,0.8667,,242.6,5.09,9.6,0.8002,16.42,0.2859,2.23,0.0104,0.074,0.9079,-0.0081,0.0164,-0.7171,91,random
460,3773120,13525,31,671.5,2085.8,3.9,7.8,2.55,0.8,0.8,0.8,0.0,0.8,,307.1,5.77,6.13,0.7581,15.84,0.2744,2.13,0.0103,0.0848,0.9128,-0.0092,0.0181,-0.71,91,random
461,3781312,13551,26,683.4,2069.7,4.0,7.5,2.65,0.5,0.5714,0.3333,0.0,0.5,,371.9,6.46,0.8,0.7577,16.35,0.2712,2.13,0.0106,0.0934,0.8982,-0.0098,0.0204,-0.6791,92,random
462,3789504,13580,29,695.2,2002.0,4.1,7.5,2.7,0.5238,0.4545,0.6,0.0,0.5238,,292.0,6.0,3.62,0.7086,15.25,0.2601,2.03,0.0123,0.0887,0.8943,-0.0077,0.0226,-0.666,92,random
463,3797696,13602,22,706.3,2419.2,3.4,7.6,2.1,1.0,1.0,1.0,0.0,1.0,,317.7,5.64,11.1,0.7767,16.82,0.2752,2.17,0.0093,0.0806,0.9257,-0.0081,0.0151,-0.682,92,random
464,3805888,13618,16,717.3,2516.1,3.3,7.7,1.98,1.0,,1.0,0.0,1.0,,313.9,5.56,16.5,0.7448,15.85,0.2696,2.11,0.0103,0.0903,0.9266,-0.0059,0.0153,-0.6818,92,random
465,3814080,13642,24,729.0,2162.0,3.8,8.1,2.44,0.7,0.5714,1.0,0.0,0.7,,333.4,6.25,1.4,0.7937,17.02,0.2801,2.21,0.0095,0.0883,0.8974,-0.0078,0.0213,-0.7183,92,random
466,3822272,13668,26,741.2,2074.8,3.9,7.9,2.6,0.5455,0.4286,0.75,0.0,0.5455,,394.5,6.62,2.55,0.7462,16.59,0.2657,2.11,0.0101,0.0774,0.8985,-0.0091,0.0213,-0.7029,93,random
467,3830464,13695,27,753.2,2074.0,3.9,7.7,2.62,0.6471,0.5,0.7778,0.0,0.6471,,303.5,6.04,3.29,0.7608,16.0,0.2744,2.14,0.0086,0.0717,0.8939,-0.0078,0.026,-0.6816,93,random
468,3838656,13726,31,764.8,2158.4,3.8,7.6,2.48,0.6429,0.6,0.75,0.0,0.6429,,298.6,5.45,7.64,0.7427,15.8,0.2691,2.1,0.0114,0.0779,0.8835,-0.0099,0.027,-0.6771,93,random
469,3846848,13756,30,776.6,2024.8,4.0,7.5,2.71,0.7647,0.3333,0.8571,0.0,0.7647,,299.7,5.67,7.82,0.743,16.28,0.2664,2.1,0.0114,0.085,0.9027,-0.0101,0.0223,-0.6541,93,random
470,3855040,13779,23,788.2,2120.3,3.9,7.7,2.54,0.7,0.8571,0.3333,0.0,0.7,,302.0,5.78,6.0,0.6938,15.54,0.2529,2.0,0.0095,0.0861,0.8927,-0.0083,0.0203,-0.6441,93,random
471,3863232,13806,27,800.0,2056.8,4.0,7.9,2.69,0.7333,0.7,0.8,0.0,0.7333,,326.9,6.41,5.73,0.7607,16.34,0.2723,2.14,0.011,0.0849,0.8757,-0.0098,0.0259,-0.6741,94,random
472,3871424,13836,30,812.1,2074.6,3.9,7.9,2.58,0.75,0.7143,0.7778,0.0,0.75,,279.2,5.27,6.12,0.7439,16.12,0.2676,2.1,0.0093,0.0711,0.8763,-0.0086,0.025,-0.6664,94,random
473,3879616,13861,25,823.9,2185.5,3.7,8.0,2.38,0.8333,0.75,0.875,0.0,0.8333,,325.8,5.92,15.0,0.7046,15.95,0.2544,2.02,0.0105,0.0896,0.8977,-0.0078,0.0205,-0.661,94,random
474,3887808,13880,19,835.5,2302.3,3.6,8.2,2.25,0.6,0.6667,0.5,0.0,0.6,,314.2,6.05,5.1,0.7163,16.03,0.2582,2.05,0.0104,0.0801,0.9351,-0.0074,0.0143,-0.6771,94,random
475,3896000,13901,21,847.5,2312.3,3.5,8.0,2.25,0.6154,0.4286,0.8333,0.0,0.6154,,286.9,5.81,1.38,0.7501,17.72,0.2609,2.12,0.0105,0.0809,0.8834,-0.0087,0.0237,-0.6632,94,random
476,3904192,13925,24,859.4,2205.2,3.7,7.9,2.44,0.8,0.6,1.0,0.0,0.8,,366.4,6.42,6.6,0.7034,15.99,0.2538,2.02,0.009,0.0779,0.932,-0.0089,0.0165,-0.6519,95,random
477,3912384,13955,30,871.4,2094.0,3.9,7.7,2.6,0.7692,0.5,1.0,0.0,0.7692,,344.9,6.13,9.15,0.7079,16.41,0.253,2.03,0.0103,0.0746,0.9332,-0.0077,0.0171,-0.6629,95,random
478,3920576,13984,29,883.2,2112.4,3.9,7.7,2.59,0.7333,0.5714,0.875,0.0,0.7333,,321.6,5.72,7.33,0.6445,15.28,0.2364,1.91,0.01,0.0702,0.898,-0.0092,0.0199,-0.6052,95,random
479,3928768,14011,27,894.6,2285.9,3.6,7.7,2.32,0.9,0.75,1.0,0.0,0.9,,371.7,6.48,7.5,0.6753,15.62,0.2457,1.96,0.0097,0.0808,0.9027,-0.0088,0.0205,-0.6144,95,random
480,3936960,14036,25,906.2,2209.4,3.7,7.5,2.44,0.6923,0.6667,0.75,0.0,0.6923,,260.4,5.32,7.92,0.6875,16.3,0.2463,1.99,0.0088,0.068,0.9022,-0.0086,0.0206,-0.6078,95,random
481,3945152,14064,28,917.6,2215.8,3.7,7.6,2.41,0.6667,0.7143,0.6,0.0,0.6667,,257.2,4.93,5.5,0.7128,15.98,0.2572,2.04,0.0098,0.0792,0.9239,-0.0097,0.018,-0.6073,96,random
482,3953344,14086,22,929.1,2208.8,3.7,7.9,2.44,0.8333,0.6667,1.0,0.0,0.8333,,345.8,6.14,10.75,0.6518,16.32,0.2334,1.92,0.0104,0.0858,0.9055,-0.0068,0.0213,-0.5969,96,random
483,3961536,14118,32,941.3,1986.3,4.1,7.6,2.81,0.6667,0.625,0.7,0.0,0.6667,,322.3,6.28,6.22,0.6766,16.13,0.2433,1.97,0.0111,0.087,0.8625,-0.0083,0.031,-0.594,96,random
484,3969728,14143,25,953.1,2034.5,4.0,8.1,2.71,0.6923,0.4286,1.0,0.0,0.6923,,354.7,6.68,6.46,0.6368,14.93,0.2356,1.89,0.0102,0.0791,0.9147,-0.0086,0.0173,-0.5794,96,random
485,3977920,14169,26,965.0,2267.7,3.6,7.6,2.33,0.8235,0.6667,1.0,0.0,0.8235,,259.7,5.31,5.53,0.6574,16.31,0.2355,1.93,0.0101,0.0777,0.8937,-0.0073,0.0225,-0.5863,96,random
486,3986112,14198,29,976.2,2368.6,3.5,7.7,2.18,0.5,0.25,1.0,0.0,0.5,,310.2,5.66,-2.58,0.6519,15.96,0.2353,1.92,0.0093,0.0879,0.8973,-0.0059,0.0239,-0.5838,97,random
487,3994304,14217,19,987.5,2299.2,3.6,7.8,2.29,0.875,1.0,0.5,0.0,0.875,,314.9,5.84,16.5,0.6346,15.62,0.2309,1.89,0.0087,0.0869,0.9186,-0.0069,0.0179,-0.5541,97,random
488,4002496,14249,32,999.2,2212.8,3.7,7.8,2.36,0.3571,0.3636,0.3333,0.0,0.3571,,271.7,4.59,0.43,0.5993,15.52,0.2185,1.82,0.0093,0.0838,0.8241,-0.0075,0.0376,-0.5644,97,random
489,4010688,14272,23,1011.0,2182.7,3.8,7.7,2.46,0.9,0.8,1.0,0.0,0.9,,317.1,5.7,11.4,0.6069,16.15,0.2181,1.83,0.0107,0.0831,0.8849,-0.0084,0.0231,-0.563,97,random
490,4018880,14300,28,1022.5,2206.9,3.7,7.8,2.39,0.6429,0.4286,0.8571,0.0,0.6429,,347.6,5.89,2.64,0.5969,15.75,0.2165,1.82,0.0106,0.0881,0.9054,-0.0076,0.0205,-0.584,97,random
491,4027072,14322,22,1034.2,2196.2,3.7,8.0,2.39,0.8667,0.8,0.9,0.0,0.8667,,269.0,5.86,8.0,0.6517,16.36,0.2332,1.92,0.0114,0.0767,0.899,-0.0077,0.0195,-0.5627,98,random
492,4035264,14346,24,1046.3,2085.8,3.9,7.7,2.66,0.7778,0.8,0.75,0.0,0.7778,,421.9,6.96,6.22,0.6249,15.71,0.2269,1.87,0.0101,0.0806,0.9231,-0.0083,0.0193,-0.5787,98,random
493,4043456,14376,30,1058.1,2067.2,4.0,7.9,2.62,0.8235,0.7778,0.875,0.0,0.8235,,318.4,6.2,8.88,0.5913,16.27,0.212,1.81,0.0108,0.0721,0.9122,-0.0081,0.0191,-0.5604,98,random
494,4051648,14398,22,1069.7,2285.0,3.6,7.7,2.35,0.6667,1.0,0.6,0.0,0.6667,,331.1,6.23,8.75,0.6029,15.67,0.2191,1.83,0.009,0.0711,0.9001,-0.007,0.0215,-0.5487,98,random
495,4059840,14424,26,1081.3,2222.9,3.7,7.8,2.42,0.6875,0.5,0.8,0.0,0.6875,,325.9,6.08,4.69,0.5951,15.38,0.2178,1.81,0.0099,0.0792,0.9072,-0.0075,0.0201,-0.5624,98,random
496,4068032,14447,23,1092.9,2246.7,3.6,7.6,2.33,0.6154,0.5,0.8,0.0,0.6154,,298.9,5.74,-0.85,0.6484,16.21,0.2328,1.91,0.0083,0.0691,0.8735,-0.0077,0.0267,-0.5656,99,random
497,4076224,14474,27,1103.9,2540.5,3.2,7.8,1.98,0.5,0.4444,0.6,0.0,0.5,,282.7,4.96,1.71,0.6149,16.37,0.2199,1.85,0.0081,0.0616,0.8809,-0.0074,0.0211,-0.5793,99,random
498,4084416,14495,21,1115.1,2560.2,3.2,7.7,1.97,0.8889,0.8333,1.0,0.0,0.8889,,357.6,6.38,12.78,0.6119,15.29,0.2243,1.84,0.0126,0.084,0.899,-0.0075,0.0173,-0.556,99,random
499,4092608,14511,16,1126.1,2601.0,3.1,7.5,1.93,0.7143,0.6667,0.75,0.0,0.7143,,398.5,6.81,6.57,0.6176,16.65,0.2196,1.85,0.0105,0.0774,0.9099,-0.0082,0.0156,-0.5574,99,random
500,4100800,14533,22,1136.8,2708.3,3.0,7.7,1.79,0.8889,0.8,1.0,0.0,0.8889,,372.8,6.27,14.0,0.6463,16.84,0.2289,1.91,0.0097,0.0808,0.9073,-0.0091,0.0181,-0.61,99,random
501,4108992,14562,29,1147.9,2552.4,3.2,7.8,1.97,0.9231,0.8333,1.0,0.0,0.9231,,350.2,6.14,9.08,0.639,16.55,0.2277,1.89,0.0091,0.0817,0.8264,-0.0088,0.0306,-0.5677,100,random
502,4117184,14593,31,1159.3,2359.5,3.5,7.7,2.21,0.9231,1.0,0.8333,0.0,0.9231,,316.3,5.48,13.69,0.6003,15.35,0.2198,1.82,0.0125,0.0725,0.8749,-0.0084,0.0252,-0.55,100,random
503,4125376,14619,26,1171.1,2089.3,3.9,7.5,2.6,0.7273,0.8333,0.6,0.0,0.7273,,291.3,5.12,13.64,0.6085,16.2,0.2185,1.84,0.0111,0.0817,0.8539,-0.0074,0.0284,-0.5532,100,random
504,4133568,14650,31,1182.7,2093.5,3.9,7.7,2.64,0.75,0.5,0.9,0.0,0.75,,316.2,5.97,5.56,0.621,15.89,0.2246,1.86,0.0122,0.0867,0.83,-0.0089,0.0322,-0.5601,100,random
505,4141760,14675,25,1194.3,2152.4,3.8,7.7,2.52,0.7143,0.625,0.8333,0.0,0.7143,,307.4,6.16,8.71,0.5897,16.57,0.2101,1.8,0.018,0.0803,0.8852,-0.0065,0.0168,-0.5292,100,random
506,4149952,14705,30,1205.9,2241.1,3.7,7.6,2.4,0.7,0.3333,1.0,0.0,0.7,,298.6,6.1,4.1,0.6198,16.47,0.2212,1.86,0.0093,0.0705,0.8904,-0.0079,0.0186,-0.5482,101,random
507,4158144,14721,16,1216.9,2482.2,3.3,7.5,2.09,0.6667,0.5,1.0,0.0,0.6667,,324.4,5.94,4.33,0.6291,16.28,0.2255,1.88,0.0114,0.0752,0.864,-0.0063,0.0227,-0.5782,101,random
508,4166336,14751,30,1228.2,2280.6,3.6,7.6,2.36,0.7143,0.5,1.0,0.0,0.7143,,353.7,6.3,7.36,0.6293,16.23,0.2258,1.88,0.011,0.0823,0.8991,-0.0092,0.0201,-0.5774,101,random
509,4174528,14777,26,1239.4,2388.8,3.4,7.6,2.15,0.8462,0.8333,0.8571,0.0,0.8462,,298.3,5.62,7.0,0.6055,16.06,0.2181,1.83,0.009,0.078,0.8792,-0.0079,0.0208,-0.5456,101,random
510,4182720,14797,20,1250.7,2284.8,3.6,7.5,2.28,0.6667,0.6667,0.6667,0.0,0.6667,,387.8,6.25,4.67,0.6015,15.6,0.2189,1.82,0.0098,0.0749,0.8888,-0.0076,0.0223,-0.5641,101,random
511,4190912,14828,31,1262.3,2099.2,3.9,7.8,2.64,0.8462,0.7143,1.0,0.0,0.8462,,345.9,6.39,11.08,0.5667,16.06,0.2041,1.76,0.0113,0.0733,0.9189,-0.0088,0.0155,-0.5098,102,random
512,4199104,14854,26,1273.8,2361.3,3.5,7.3,2.23,0.8824,0.75,1.0,0.0,0.8824,,296.1,6.19,8.12,0.5311,15.08,0.1957,1.7,0.0101,0.0714,0.9373,-0.0095,0.012,-0.5155,102,random
513,4207296,14870,16,1284.4,2608.0,3.1,7.5,1.93,0.8,0.5,1.0,0.0,0.8,,298.5,6.0,12.4,0.5839,15.68,0.2121,1.79,0.0088,0.0717,0.9181,-0.0057,0.0179,-0.5512,102,random
514,4215488,14896,26,1295.2,2620.8,3.1,7.6,1.87,0.7692,0.5,0.8889,0.0,0.7692,,324.3,5.96,11.54,0.6129,16.36,0.2193,1.85,0.0118,0.0814,0.8862,-0.0091,0.0237,-0.5663,102,random
515,4223680,14929,33,1306.2,2535.6,3.2,7.5,2.01,0.7857,0.6,0.8889,0.0,0.7857,,252.6,4.52,6.14,0.5859,15.24,0.2151,1.8,0.0117,0.0742,0.9131,-0.0066,0.0197,-0.547,102,random
516,4231872,14952,23,1317.2,2406.2,3.4,7.6,2.17,0.6,0.4286,1.0,0.0,0.6,,300.0,5.26,-1.5,0.6038,16.17,0.217,1.83,0.0092,0.0683,0.8862,-0.0076,0.0246,-0.5328,103,random
517,4240064,14977,25,1328.2,2550.4,3.2,7.4,2.01,0.8333,0.875,0.75,0.0,0.8333,,382.6,6.32,12.33,0.5823,16.12,0.2094,1.79,0.0091,0.0771,0.9083,-0.009,0.0195,-0.5337,103,random
518,4248256,15011,34,1338.6,2791.1,2.9,7.4,1.67,0.8462,0.7143,1.0,0.0,0.8462,,359.4,6.03,8.08,0.5661,16.07,0.2039,1.76,0.0111,0.0732,0.8951,-0.0071,0.0245,-0.5123,103,random
519,4256448,15037,26,1349.5,2544.5,3.2,7.5,1.98,0.7,0.4,1.0,0.0,0.7,,273.0,4.69,12.2,0.5804,15.47,0.2119,1.79,0.01,0.0787,0.9227,-0.0082,0.018,-0.531,103,random
520,4264640,15058,21,1360.4,2476.9,3.3,7.5,2.1,0.8,0.6667,1.0,0.0,0.8,,297.2,5.19,8.7,0.5905,16.15,0.2123,1.8,0.0095,0.069,0.9186,-0.0057,0.0187,-0.5494,103,random
521,4272832,15090,32,1371.7,2249.2,3.6,7.8,2.38,0.8824,0.7143,1.0,0.0,0.8824,,308.0,5.91,14.35,0.607,15.92,0.2193,1.83,0.0132,0.0844,0.8683,-0.0073,0.0282,-0.5576,104,random
522,4281024,15116,26,1383.3,2212.4,3.7,7.4,2.47,0.8333,0.6,1.0,0.0,0.8333,,233.5,4.5,7.0,0.5871,16.25,0.2106,1.8,0.0121,0.0856,0.9075,-0.007,0.0176,-0.5428,104,random
523,4289216,15153,37,1394.7,2176.1,3.8,7.4,2.41,0.9474,1.0,0.9167,0.0,0.9474,,332.5,6.08,12.37,0.5899,15.24,0.2166,1.8,0.0119,0.0783,0.8629,-0.0077,0.0244,-0.5383,104,random
524,4297408,15173,20,1405.7,2354.3,3.5,7.3,2.22,0.8182,0.6,1.0,0.0,0.8182,,290.9,5.5,4.73,0.5921,15.26,0.2173,1.81,0.0111,0.0719,0.908,-0.0082,0.0182,-0.5355,104,random
525,4305600,15193,20,1416.4,2555.1,3.2,7.7,1.96,0.7778,0.8,0.75,0.0,0.7778,,290.1,5.15,9.33,0.6492,16.77,0.2303,1.91,0.011,0.0764,0.9064,-0.0083,0.0189,-0.5731,104,random
526,4313792,15224,31,1427.5,2454.8,3.3,7.5,2.06,0.4667,0.4,0.5,0.0,0.4667,,328.2,6.13,2.8,0.6127,16.13,0.2204,1.85,0.0138,0.0936,0.8951,-0.0075,0.0237,-0.5497,105,random
527,4321984,15240,16,1438.5,2468.6,3.3,7.7,2.12,0.8333,1.0,0.75,0.0,0.8333,,323.9,5.56,16.0,0.5945,16.53,0.212,1.81,0.0138,0.0781,0.9231,-0.0082,0.0167,-0.5499,105,random
528,4330176,15268,28,1450.1,2253.3,3.6,7.8,2.4,0.8,0.75,0.8182,0.0,0.8,,360.8,6.57,11.13,0.5934,15.88,0.2146,1.81,0.0107,0.0791,0.9079,-0.01,0.0216,-0.5529,105,random
529,4338368,15301,33,1462.0,2035.0,4.0,7.8,2.71,0.8333,0.9091,0.7143,0.0,0.8333,,293.4,5.36,10.78,0.6108,16.65,0.2172,1.84,0.0119,0.0718,0.9068,-0.0087,0.0247,-0.5302,105,random
530,4346560,15333,32,1474.2,1960.9,4.2,7.8,2.91,0.7895,0.8,0.7778,0.0,0.7895,,302.9,5.75,9.95,0.592,16.54,0.211,1.81,0.014,0.0948,0.9296,-0.0082,0.0175,-0.5551,105,random
531,4354752,15362,29,1485.9,2206.6,3.7,7.6,2.47,0.7,0.5833,0.875,0.0,0.7,,278.6,5.93,6.95,0.5967,16.32,0.2137,1.82,0.015,0.0892,0.9387,-0.0049,0.016,-0.5341,106,random
532,4362944,15388,26,1497.1,2316.9,3.5,8.0,2.31,0.9333,0.8889,1.0,0.0,0.9333,,237.3,4.92,11.47,0.5492,15.56,0.2001,1.73,0.0106,0.0864,0.9122,-0.0056,0.0201,-0.4905,106,random
533,4371136,15414,26,1508.9,2310.4,3.5,7.7,2.22,0.8,0.6667,0.8889,0.0,0.8,,254.6,5.15,7.6,0.5852,15.87,0.2117,1.8,0.0082,0.0779,0.9031,-0.0076,0.0218,-0.5392,106,random
534,4379328,15437,23,1520.3,2315.2,3.5,7.6,2.31,0.8333,0.8571,0.8,0.0,0.8333,,310.0,5.83,11.58,0.5526,15.48,0.2017,1.74,0.0104,0.0786,0.8964,-0.0073,0.0209,-0.5118,106,random
535,4387520,15462,25,1531.7,2230.3,3.7,7.5,2.38,0.6154,0.5,0.8,0.0,0.6154,,306.3,5.72,6.92,0.5432,16.47,0.1939,1.72,0.0114,0.0732,0.8211,-0.0079,0.0285,-0.5035,106,random
536,4395712,15480,18,1542.9,2353.7,3.5,7.6,2.25,1.0,1.0,1.0,0.0,1.0,,475.1,8.17,15.11,0.5329,15.97,0.1923,1.7,0.0104,0.0703,0.8989,-0.0079,0.0172,-0.5094,107,random
537,4403904,15505,25,1554.3,2219.7,3.7,7.7,2.42,0.7333,0.8,0.6,0.0,0.7333,,321.8,5.8,8.33,0.5541,16.66,0.197,1.74,0.0099,0.0663,0.8545,-0.0064,0.0281,-0.527,107,random
538,4412096,15530,25,1565.8,2274.6,3.6,7.7,2.34,0.8667,0.8571,0.875,0.0,0.8667,,331.4,6.6,5.8,0.5513,15.82,0.1997,1.74,0.013,0.0781,0.9142,-0.007,0.0148,-0.5001,107,random
539,4420288,15552,22,1576.8,2598.7,3.2,7.7,1.91,0.6667,0.6,0.7143,0.0,0.6667,,393.4,6.82,13.67,0.5737,15.97,0.2071,1.77,0.0105,0.0841,0.8541,-0.0081,0.0267,-0.5145,107,random
540,4428480,15580,28,1588.0,2533.4,3.2,7.8,1.99,0.8182,0.8571,0.75,0.0,0.8182,,310.5,5.29,12.91,0.5707,15.97,0.206,1.77,0.0128,0.0845,0.9023,-0.007,0.019,-0.527,107,random
541,4436672,15606,26,1599.5,2319.5,3.5,7.9,2.27,0.8182,0.7143,1.0,0.0,0.8182,,357.1,5.88,3.0,0.5849,16.42,0.209,1.79,0.01,0.0797,0.8657,-0.0074,0.0229,-0.5354,108,random
542,4444864,15633,27,1611.2,2190.2,3.7,7.7,2.45,0.5833,0.7143,0.4,0.0,0.5833,,370.1,6.33,0.0,0.5912,16.29,0.2118,1.81,0.0123,0.0836,0.8666,-0.0078,0.0244,-0.5476,108,random
543,4453056,15657,24,1622.4,2531.6,3.2,7.7,2.04,0.8,0.6667,1.0,0.0,0.8,,253.4,4.46,6.0,0.5885,17.17,0.207,1.8,0.0127,0.0748,0.8444,-0.007,0.0275,-0.5254,108,random
544,4461248,15679,22,1633.5,2487.9,3.3,8.1,1.98,0.8,0.6,1.0,0.0,0.8,,339.4,6.18,11.7,0.6073,16.09,0.2186,1.84,0.0102,0.0765,0.8932,-0.0082,0.0179,-0.5414,108,random
545,4469440,15702,23,1645.4,2330.1,3.5,8.1,2.2,0.625,0.5,0.75,0.0,0.625,,404.4,6.65,7.75,0.6136,16.18,0.2204,1.85,0.0112,0.0674,0.8751,-0.0092,0.0223,-0.5636,108,random
546,4477632,15722,20,1657.0,2434.1,3.4,7.6,2.07,1.0,1.0,1.0,0.0,1.0,,357.9,6.5,20.8,0.6445,15.71,0.234,1.91,0.0117,0.0832,0.9522,-0.009,0.0098,-0.6087,109,random
547,4485824,15739,17,1668.3,2310.5,3.5,7.6,2.21,1.0,1.0,1.0,0.0,1.0,,369.1,7.0,14.62,0.6549,16.94,0.2314,1.92,0.0101,0.0817,0.941,-0.0089,0.0109,-0.5757,109,random
548,4494016,15765,26,1679.4,2473.8,3.3,7.7,2.05,0.5714,0.4286,0.7143,0.0,0.5714,,328.7,5.96,4.07,0.589,16.85,0.2086,1.8,0.0102,0.0777,0.8955,-0.0084,0.0196,-0.5623,109,random
549,4502208,15789,24,1690.5,2579.1,3.2,7.7,1.96,0.7,0.8,0.6,0.0,0.7,,377.4,6.21,7.2,0.5774,15.46,0.2108,1.78,0.0086,0.0735,0.8644,-0.0066,0.0252,-0.5519,109,random
550,4510400,15812,23,1701.9,2331.3,3.5,7.7,2.28,0.625,0.4,1.0,0.0,0.625,,371.7,6.35,4.88,0.537,15.8,0.1946,1.71,0.011,0.0794,0.8995,-0.0072,0.0177,-0.5453,109,random
551,4518592,15835,23,1713.6,2162.5,3.8,7.7,2.56,0.7778,0.6667,0.8333,0.0,0.7778,,428.3,6.96,8.22,0.5855,15.59,0.2132,1.8,0.0118,0.0852,0.8523,-0.0087,0.0241,-0.558,110,random
552,4526784,15857,22,1725.3,2080.4,3.9,7.6,2.74,0.75,0.7143,0.8,0.0,0.75,,340.5,6.55,10.67,0.624,16.51,0.2225,1.87,0.0088,0.0717,0.9075,-0.0082,0.0166,-0.5602,110,random
553,4534976,15887,30,1737.2,2040.6,4.0,7.4,2.73,0.7222,0.7,0.75,0.0,0.7222,,326.9,6.87,6.28,0.5722,16.17,0.2056,1.77,0.0105,0.0719,0.8517,-0.0092,0.0283,-0.5444,110,random
554,4543168,15914,27,1748.4,2220.2,3.7,7.4,2.44,0.7647,0.75,0.8,0.0,0.7647,,295.0,6.0,9.35,0.582,15.42,0.2127,1.79,0.0114,0.0755,0.8728,-0.0079,0.0232,-0.5458,110,random
555,4551360,15941,27,1759.5,2340.8,3.5,7.4,2.24,0.7333,0.625,0.8571,0.0,0.7333,,318.1,6.22,11.0,0.6336,15.97,0.2286,1.88,0.0121,0.0809,0.8859,-0.0082,0.0218,-0.5807,110,random
556,4559552,15964,23,1770.5,2377.9,3.4,7.7,2.21,0.75,0.8,0.7143,0.0,0.75,,346.0,6.7,10.67,0.5896,15.7,0.2141,1.8,0.01,0.0802,0.8433,-0.0074,0.0238,-0.5494,111,random
557,4567744,15987,23,1781.8,2411.7,3.4,7.5,2.16,0.7,0.625,1.0,0.0,0.7,,299.6,5.3,6.0,0.6261,16.71,0.2223,1.87,0.0094,0.0741,0.913,-0.0079,0.0173,-0.5751,111,random
