update,timesteps,games,games_in_rollout,elapsed_s,steps_per_s,rollout_s,update_s,win_rate,win_rate_us,win_rate_ussr,draw_rate,win_rate_vs_pool,win_rate_vs_anchor,ep_len_mean,turn_mean,entropy,k_valid,entropy_ratio,k_eff,approx_kl,clip_fraction,explained_variance,policy_loss,value_loss,entropy_loss,pool_size,anchor
1,8192,7,7,2.7,3126.3,2.6,4.3,,,,,,,105.9,1.86,1.8117,9.98,0.7876,6.12,0.0,0.0,-0.0102,-0.0001,0.0084,-1.6813,0,random
2,16384,43,36,10.1,2723.1,3.0,4.7,,,,,,,181.7,3.44,1.7688,9.61,0.7818,5.86,0.0,0.0,-0.0043,-0.0002,0.0407,-1.6616,0,random
3,24576,74,31,18.0,2640.4,3.1,4.7,,,,,,,225.2,4.1,1.7859,10.21,0.7687,5.96,0.0,0.0,0.0022,-0.0002,0.0347,-1.6755,0,random
4,32768,104,30,26.0,2639.7,3.1,4.8,,,,,,,263.1,4.7,1.7728,9.84,0.7755,5.89,0.0001,0.0,-0.0167,-0.0005,0.0326,-1.6575,0,random
5,40960,126,22,33.8,2803.3,2.9,5.0,,,,,,,306.1,5.45,1.7778,10.16,0.7669,5.92,0.0001,0.0,0.068,-0.0005,0.0245,-1.6756,0,random
6,49152,155,29,42.7,2191.2,3.7,5.0,0.6667,,0.6667,0.0,0.6667,,281.6,5.17,1.7959,10.41,0.7665,6.02,0.0001,0.0,0.1588,-0.0005,0.0297,-1.6712,1,random
7,57344,184,29,51.8,2069.7,4.0,5.2,0.6667,1.0,0.6,0.0,0.6667,,260.9,5.07,1.7805,10.23,0.7658,5.93,0.0004,0.0,0.134,-0.0007,0.031,-1.6795,1,random
8,65536,217,33,61.4,1890.6,4.3,5.2,0.8333,1.0,0.6667,0.0,0.8333,,263.2,5.55,1.8131,10.76,0.7632,6.13,0.0004,0.0,0.3476,-0.001,0.0296,-1.6865,1,random
9,73728,257,40,71.5,1716.7,4.8,5.1,0.6087,0.4375,1.0,0.0,0.6087,,227.9,5.72,1.7842,10.36,0.7631,5.95,0.0006,0.0002,0.3833,-0.001,0.0351,-1.6765,1,random
10,81920,293,36,81.2,1801.8,4.5,5.1,0.4286,0.125,0.8333,0.0,0.4286,,260.2,5.64,1.7799,10.03,0.7719,5.93,0.0008,0.0002,0.4116,-0.0012,0.0365,-1.6684,1,random
11,90112,327,34,91.1,1771.5,4.6,5.3,0.5789,0.6667,0.5,0.0,0.5789,,232.9,5.91,1.7952,10.74,0.7561,6.02,0.0021,0.0045,0.5583,-0.0018,0.0302,-1.671,2,random
12,98304,363,36,100.8,1915.7,4.3,5.5,0.3333,0.1818,0.5714,0.0,0.3333,,226.6,5.28,1.7861,10.06,0.7738,5.97,0.0034,0.0085,0.5655,-0.0021,0.0311,-1.6692,2,random
13,106496,394,31,110.8,1901.5,4.3,5.5,0.4167,0.0,0.5556,0.0,0.4167,,235.1,5.29,1.7643,10.04,0.765,5.84,0.0034,0.0074,0.624,-0.0025,0.0295,-1.654,2,random
14,114688,429,35,121.1,1759.9,4.7,5.6,0.4444,0.5,0.4286,0.1111,0.4444,,291.2,6.34,1.7621,10.58,0.747,5.82,0.0043,0.0302,0.754,-0.004,0.0263,-1.6493,2,random
15,122880,466,37,131.6,1685.8,4.9,5.5,0.5,0.1111,0.8889,0.0,0.5,,224.6,5.41,1.7466,10.39,0.7461,5.74,0.0033,0.0156,0.7862,-0.0024,0.0274,-1.6319,2,random
16,131072,502,36,142.6,1502.9,5.5,5.5,0.381,0.2,0.5455,0.0,0.381,,218.2,5.75,1.7281,9.73,0.7596,5.63,0.0043,0.0251,0.7468,-0.003,0.0326,-1.6205,3,random
17,139264,536,34,153.8,1461.9,5.6,5.6,0.5294,0.375,0.6667,0.0,0.5294,,211.7,5.56,1.7444,10.65,0.7375,5.72,0.0024,0.0102,0.7914,-0.0019,0.0274,-1.6429,3,random
18,147456,572,36,164.9,1532.7,5.3,5.6,0.5217,0.3,0.6923,0.0,0.5217,,223.2,6.03,1.7429,10.6,0.7383,5.71,0.0032,0.0196,0.7596,-0.0029,0.0351,-1.6307,3,random
19,155648,606,34,176.1,1498.1,5.5,5.5,0.5263,0.125,0.8182,0.0,0.5263,,208.8,5.47,1.7039,10.28,0.7314,5.5,0.004,0.0279,0.8456,-0.0037,0.0245,-1.6123,3,random
20,163840,644,38,187.3,1460.7,5.6,5.0,0.6,0.2857,0.7692,0.05,0.6,,259.6,6.45,1.7056,10.44,0.7272,5.5,0.0037,0.0212,0.8384,-0.0032,0.0283,-1.5883,3,random
21,172032,679,35,198.5,1332.5,6.1,4.9,0.3333,0.1818,0.5714,0.0,0.3333,,225.9,5.83,1.7113,10.57,0.7258,5.54,0.0046,0.0256,0.8596,-0.0037,0.0285,-1.5908,4,random
22,180224,719,40,210.3,1211.6,6.8,4.5,0.5,0.2,0.8,0.0,0.5,,247.8,5.9,1.6965,10.38,0.725,5.46,0.0029,0.0112,0.8486,-0.0025,0.0327,-1.5809,4,random
23,188416,758,39,222.0,1163.0,7.0,4.6,0.36,0.25,0.4615,0.0,0.36,,190.3,5.33,1.7003,10.79,0.715,5.48,0.0035,0.0287,0.8562,-0.0034,0.0312,-1.5496,4,random
24,196608,793,35,232.9,1310.6,6.3,4.6,0.4545,0.125,0.6429,0.0,0.4545,,256.2,7.2,1.681,10.37,0.7188,5.37,0.0046,0.0286,0.8653,-0.0037,0.0248,-1.5734,4,random
25,204800,830,37,243.3,1437.6,5.7,4.7,0.4211,0.2,0.6667,0.0,0.4211,,214.4,5.46,1.694,10.57,0.7184,5.44,0.0033,0.0193,0.8469,-0.004,0.0285,-1.588,4,random
26,212992,861,31,254.0,1396.1,5.9,4.7,0.3077,0.25,0.4,0.0,0.3077,,215.7,5.35,1.7092,10.89,0.7159,5.52,0.0036,0.0176,0.8707,-0.0034,0.0286,-1.559,5,random
27,221184,902,41,265.0,1318.4,6.2,5.0,0.5263,0.3,0.7778,0.0,0.5263,,234.0,5.63,1.7276,11.46,0.7085,5.63,0.0034,0.0294,0.8444,-0.003,0.0372,-1.5939,5,random
28,229376,931,29,276.0,1369.8,6.0,5.4,0.4375,0.2727,0.8,0.0,0.4375,,217.3,5.52,1.686,10.64,0.7129,5.4,0.0035,0.0249,0.8765,-0.0037,0.0218,-1.5755,5,random
29,237568,976,45,287.2,1445.3,5.7,5.4,0.3182,0.1111,0.4615,0.0,0.3182,,228.7,5.78,1.6876,10.72,0.7114,5.41,0.004,0.0334,0.7953,-0.0045,0.0397,-1.5686,5,random
30,245760,1017,41,298.7,1365.3,6.0,5.5,0.5714,0.2727,0.9,0.0,0.5714,,210.8,5.24,1.6535,10.48,0.7037,5.23,0.0041,0.0257,0.8271,-0.0044,0.0347,-1.5275,5,random
31,253952,1057,40,310.8,1258.2,6.5,5.6,0.4615,0.3125,0.7,0.0,0.4615,,187.4,5.2,1.6496,10.75,0.6946,5.2,0.0041,0.0309,0.7806,-0.0042,0.0379,-1.5533,6,random
32,262144,1097,40,323.1,1253.1,6.5,5.1,0.5556,0.5,0.6667,0.037,0.5556,,213.8,6.03,1.6376,10.5,0.6963,5.14,0.0034,0.0248,0.7663,-0.0043,0.0417,-1.5145,6,random
33,270336,1137,40,334.8,1248.6,6.6,5.0,0.6,0.5455,0.6667,0.0,0.6,,223.2,5.62,1.6599,11.12,0.689,5.26,0.0035,0.0239,0.8016,-0.0039,0.0338,-1.5426,6,random
34,278528,1170,33,346.4,1249.4,6.6,4.7,0.44,0.1,0.6667,0.0,0.44,,187.2,6.03,1.627,10.3,0.6975,5.09,0.0028,0.018,0.8088,-0.0039,0.0284,-1.5207,6,random
35,286720,1209,39,357.7,1271.1,6.4,4.6,0.6087,0.4167,0.8182,0.0,0.6087,,220.3,6.05,1.6617,10.7,0.7011,5.27,0.0034,0.0285,0.8164,-0.004,0.03,-1.5093,6,random
36,294912,1246,37,368.6,1304.5,6.3,4.5,0.5882,0.4444,0.75,0.0,0.5882,,213.7,5.35,1.5995,10.58,0.678,4.95,0.0034,0.0269,0.8211,-0.0038,0.0301,-1.5109,7,random
37,303104,1281,35,379.5,1296.6,6.3,4.6,0.4667,0.2222,0.8333,0.0,0.4667,,233.9,5.57,1.6244,11.2,0.6725,5.08,0.0059,0.04,0.8254,-0.0057,0.0294,-1.4852,7,random
38,311296,1308,27,390.8,1242.0,6.6,4.8,0.9286,0.8333,1.0,0.0,0.9286,,258.1,6.78,1.5862,10.9,0.664,4.89,0.0049,0.037,0.8239,-0.0042,0.0243,-1.4776,7,random
39,319488,1351,43,401.9,1309.2,6.3,4.9,0.76,0.6364,0.8571,0.0,0.76,,239.9,6.4,1.6424,11.25,0.6786,5.17,0.0047,0.0334,0.7555,-0.0056,0.039,-1.4676,7,random
40,327680,1395,44,412.9,1378.6,5.9,4.9,0.6667,0.4286,0.7857,0.0,0.6667,,207.0,5.23,1.5996,10.8,0.6723,4.95,0.0046,0.0358,0.8114,-0.005,0.0298,-1.4999,7,random
41,335872,1431,36,423.6,1427.5,5.7,5.0,0.5263,0.5556,0.5,0.0,0.5263,,180.0,4.81,1.6406,11.22,0.6787,5.16,0.0039,0.0267,0.7611,-0.0049,0.0379,-1.4798,8,random
42,344064,1466,35,435.1,1288.4,6.4,5.2,0.6923,0.5,0.8571,0.0,0.6923,,234.5,5.51,1.5631,10.41,0.6672,4.77,0.0037,0.0242,0.8146,-0.0049,0.0291,-1.4917,8,random
43,352256,1511,45,446.6,1327.3,6.2,5.4,0.6207,0.4,0.8571,0.0,0.6207,,186.2,5.29,1.6122,10.83,0.6767,5.01,0.0037,0.0229,0.8034,-0.0039,0.0344,-1.4836,8,random
44,360448,1545,34,458.2,1337.5,6.1,5.4,0.6471,0.5,0.7778,0.0,0.6471,,238.5,6.0,1.5861,10.58,0.6723,4.88,0.0048,0.0333,0.8333,-0.0049,0.0318,-1.4908,8,random
45,368640,1581,36,469.5,1423.7,5.8,5.6,0.4762,0.3636,0.6,0.0,0.4762,,203.2,5.53,1.6235,11.3,0.6697,5.07,0.0048,0.0381,0.7939,-0.0042,0.0362,-1.4706,8,random
46,376832,1603,22,481.0,1435.4,5.7,5.9,0.6429,0.375,1.0,0.0,0.6429,,248.8,6.36,1.5493,10.69,0.654,4.71,0.0046,0.0311,0.8581,-0.0054,0.023,-1.4608,9,random
47,385024,1640,37,492.0,1620.4,5.1,5.9,0.7059,0.6,0.8571,0.0,0.7059,,278.2,6.76,1.6347,12.26,0.6523,5.13,0.0046,0.0352,0.8396,-0.005,0.0306,-1.4793,9,random
48,393216,1669,29,503.1,1623.9,5.0,5.8,0.7333,0.6667,0.7778,0.0,0.7333,,256.1,6.07,1.5342,10.12,0.6629,4.64,0.0044,0.0359,0.7817,-0.0059,0.0316,-1.4173,9,random
49,401408,1711,42,514.6,1464.6,5.6,5.5,0.75,0.5714,0.8889,0.0,0.75,,246.6,5.57,1.5078,10.34,0.6454,4.52,0.0052,0.0446,0.7042,-0.0056,0.0449,-1.4008,9,random
50,409600,1746,35,526.0,1423.2,5.8,5.4,0.5714,0.4286,0.8571,0.0,0.5714,,212.6,5.74,1.5029,9.95,0.6542,4.49,0.0048,0.0352,0.8096,-0.0055,0.03,-1.4051,9,random
51,417792,1775,29,537.1,1467.9,5.6,5.3,0.5625,0.25,0.875,0.0,0.5625,,223.1,5.83,1.5475,11.11,0.6427,4.7,0.0047,0.0375,0.8336,-0.005,0.0242,-1.435,10,random
52,425984,1809,34,547.9,1523.3,5.4,5.2,0.6471,0.5714,0.7,0.0588,0.6471,,281.9,6.85,1.5217,10.44,0.6489,4.58,0.0054,0.0511,0.8024,-0.0054,0.0324,-1.4169,10,random
53,434176,1835,26,558.2,1646.5,5.0,4.9,0.5,0.4545,0.6667,0.0,0.5,,238.8,6.08,1.4628,10.37,0.6255,4.32,0.0057,0.0444,0.8348,-0.0053,0.0277,-1.3628,10,random
54,442368,1872,37,568.6,1528.3,5.4,4.7,0.7647,0.5,1.0,0.0,0.7647,,262.7,6.19,1.4986,11.07,0.6234,4.48,0.0049,0.0396,0.8154,-0.007,0.032,-1.3917,10,random
55,450560,1911,39,578.8,1515.9,5.4,4.6,0.6316,0.375,0.8182,0.0,0.6316,,268.3,6.46,1.4969,10.61,0.6339,4.47,0.0043,0.0453,0.7977,-0.0049,0.0363,-1.3695,10,random
56,458752,1942,31,589.2,1433.8,5.7,4.4,0.6154,0.4,0.75,0.0,0.6154,,245.3,6.06,1.4334,10.18,0.6179,4.19,0.0062,0.0561,0.8031,-0.0065,0.0297,-1.3493,11,random
57,466944,1969,27,599.3,1473.7,5.6,4.4,0.6875,0.6,0.8333,0.0,0.6875,,226.3,6.3,1.4658,10.5,0.6235,4.33,0.0073,0.0479,0.7747,-0.0058,0.0275,-1.3516,11,random
58,475136,2003,34,609.3,1497.5,5.5,4.3,0.7647,0.7143,0.8,0.0,0.7647,,244.4,5.94,1.4167,9.83,0.6199,4.12,0.0068,0.0581,0.7997,-0.0068,0.0326,-1.3289,11,random
59,483328,2036,33,619.1,1537.8,5.3,4.4,0.5882,0.2222,1.0,0.0,0.5882,,249.7,6.24,1.4311,10.25,0.6148,4.18,0.0049,0.0335,0.807,-0.0057,0.0335,-1.3185,11,random
60,491520,2074,38,629.1,1473.6,5.6,4.1,0.5,0.4,0.625,0.0,0.5,,265.0,6.34,1.4074,9.7,0.6195,4.09,0.0056,0.0551,0.7279,-0.0065,0.0395,-1.281,11,random
61,499712,2103,29,639.2,1378.9,5.9,4.2,0.7857,0.5,1.0,0.0,0.7857,,241.6,6.14,1.3933,9.63,0.6151,4.03,0.0055,0.0457,0.8105,-0.0054,0.026,-1.2874,12,random
62,507904,2137,34,649.0,1477.7,5.5,4.4,0.375,0.3,0.5,0.0,0.375,,232.4,5.91,1.3942,9.77,0.6118,4.03,0.0049,0.0422,0.7708,-0.0059,0.0303,-1.2634,12,random
63,516096,2164,27,658.8,1546.3,5.3,4.5,0.5833,0.6667,0.5,0.0,0.5833,,271.2,6.7,1.3617,9.51,0.6046,3.9,0.0066,0.0599,0.7674,-0.0051,0.0358,-1.2338,12,random
64,524288,2202,38,668.9,1481.2,5.5,4.9,0.7647,0.6667,0.875,0.0,0.7647,,251.3,5.95,1.3609,9.42,0.6067,3.9,0.006,0.045,0.7387,-0.0058,0.037,-1.2619,12,random
65,532480,2241,39,679.7,1395.4,5.9,5.1,0.6667,0.4545,0.8462,0.0417,0.6667,,200.6,5.46,1.3579,9.37,0.6069,3.89,0.006,0.0589,0.6611,-0.0059,0.0385,-1.2415,12,random
66,540672,2281,40,690.3,1506.4,5.4,5.3,0.5769,0.3636,0.7333,0.0,0.5769,,226.2,6.17,1.3484,9.41,0.6016,3.85,0.007,0.0663,0.7145,-0.0043,0.0412,-1.2475,13,random
67,548864,2304,23,700.0,1907.9,4.3,5.0,0.4615,0.3333,0.75,0.0,0.4615,,241.7,6.43,1.3439,9.32,0.6021,3.83,0.0064,0.0651,0.818,-0.0048,0.0254,-1.2315,13,random
68,557056,2343,39,709.8,1755.8,4.7,4.8,0.5833,0.625,0.5,0.0,0.5833,,292.2,6.44,1.3361,9.21,0.6018,3.8,0.0051,0.0451,0.7419,-0.0052,0.0364,-1.2455,13,random
69,565248,2372,29,719.4,1701.2,4.8,4.5,0.5833,0.4286,0.8,0.0,0.5833,,238.3,6.0,1.3474,9.25,0.6056,3.85,0.0055,0.0519,0.7351,-0.0064,0.0398,-1.201,13,random
70,573440,2409,37,729.5,1493.0,5.5,4.6,0.5385,0.6667,0.25,0.0,0.5385,,255.1,6.11,1.3036,8.8,0.5993,3.68,0.0057,0.0533,0.743,-0.0072,0.0371,-1.1912,13,random
71,581632,2448,39,739.9,1461.7,5.6,4.8,0.6538,0.5714,0.75,0.0,0.6538,,186.7,5.13,1.3381,9.29,0.6003,3.81,0.006,0.0487,0.7461,-0.0063,0.0355,-1.2234,14,random
72,589824,2485,37,750.7,1386.9,5.9,4.7,0.6364,0.6667,0.6154,0.0,0.6364,,197.6,5.24,1.3088,9.19,0.5901,3.7,0.0085,0.0872,0.7292,-0.0046,0.0394,-1.2256,14,random
73,598016,2512,27,760.8,1552.6,5.3,4.6,0.5714,0.2,0.7778,0.0714,0.5714,,289.7,6.93,1.3581,10.08,0.5877,3.89,0.0054,0.0535,0.8337,-0.0061,0.0225,-1.2356,14,random
74,606208,2541,29,770.9,1518.3,5.4,4.6,0.5789,0.1429,0.8333,0.0,0.5789,,265.0,6.93,1.3176,9.69,0.58,3.73,0.0056,0.0531,0.8627,-0.0059,0.0207,-1.2254,14,random
75,614400,2576,35,780.4,1705.8,4.8,4.2,0.4706,0.3333,0.625,0.0,0.4706,,265.5,6.57,1.2955,8.8,0.5957,3.65,0.0065,0.0494,0.7705,-0.0064,0.0346,-1.203,14,random
76,622592,2606,30,789.9,1599.0,5.1,4.0,0.6471,0.7778,0.5,0.0,0.6471,,181.2,4.6,1.2772,8.94,0.5829,3.59,0.0089,0.0667,0.7748,-0.0036,0.0325,-1.157,15,random
77,630784,2639,33,799.3,1525.2,5.4,4.1,0.7273,0.5,1.0,0.0,0.7273,,334.1,7.0,1.2891,8.93,0.5888,3.63,0.006,0.0551,0.8085,-0.0068,0.0256,-1.1692,15,random
78,638976,2669,30,808.7,1580.8,5.2,4.0,0.5,0.3333,0.8333,0.0,0.5,,221.5,6.0,1.2782,9.63,0.5644,3.59,0.0086,0.0671,0.7918,-0.0074,0.0283,-1.1531,15,random
79,647168,2693,24,817.2,1888.0,4.3,4.7,0.7778,0.5,1.0,0.0,0.7778,,271.2,6.21,1.2593,9.65,0.5555,3.52,0.0067,0.0564,0.8258,-0.0061,0.028,-1.1465,15,random
80,655360,2719,26,826.7,1764.2,4.6,5.0,0.7143,0.6667,0.75,0.0,0.7143,,362.2,7.62,1.2351,8.9,0.5651,3.44,0.0052,0.0529,0.8235,-0.0066,0.0298,-1.1205,15,random
81,663552,2752,33,836.9,1606.1,5.1,5.0,0.5333,0.2857,0.75,0.0,0.5333,,269.4,6.27,1.2397,9.04,0.5632,3.45,0.0062,0.0548,0.7842,-0.0066,0.0346,-1.1393,16,random
82,671744,2782,30,847.5,1479.6,5.5,5.1,0.5,0.4286,0.6,0.0,0.5,,321.8,7.27,1.3016,9.8,0.5702,3.68,0.0061,0.0475,0.7463,-0.0063,0.0381,-1.1563,16,random
83,679936,2824,42,859.0,1312.6,6.2,4.7,0.7917,0.7,0.8571,0.0,0.7917,,222.4,5.71,1.2574,9.03,0.5713,3.52,0.0065,0.065,0.7667,-0.0065,0.0337,-1.136,16,random
84,688128,2851,27,869.4,1444.4,5.7,4.7,0.8235,0.7,1.0,0.0588,0.8235,,208.2,6.07,1.2277,9.27,0.5513,3.41,0.0064,0.0549,0.8522,-0.0048,0.0237,-1.1316,16,random
85,696320,2894,43,880.5,1324.1,6.2,4.4,0.5263,0.3333,0.8571,0.0,0.5263,,259.0,6.21,1.2388,8.35,0.5836,3.45,0.0063,0.0551,0.7233,-0.0071,0.0426,-1.1152,16,random
86,704512,2928,34,891.5,1260.6,6.5,4.2,0.6667,0.6923,0.625,0.0,0.6667,,200.3,5.38,1.2859,9.54,0.5702,3.62,0.0114,0.0715,0.7315,-0.0072,0.0451,-1.1757,17,random
87,712704,2967,39,901.2,1548.8,5.3,4.6,0.7917,0.5556,0.9333,0.0,0.7917,,236.8,6.26,1.2975,9.32,0.5811,3.66,0.0075,0.0696,0.8064,-0.0067,0.0328,-1.176,17,random
88,720896,3004,37,910.6,1740.5,4.7,4.8,0.5833,0.6667,0.5556,0.0,0.5833,,206.8,4.76,1.2602,8.67,0.5835,3.53,0.0045,0.052,0.7777,-0.004,0.0349,-1.1394,17,random
89,729088,3041,37,919.4,2085.7,3.9,5.2,0.6842,0.7778,0.6,0.0,0.6842,,207.2,5.11,1.269,9.33,0.5683,3.56,0.0096,0.0693,0.7368,-0.0066,0.037,-1.1586,17,random
90,737280,3070,29,928.8,2031.9,4.0,4.9,0.7692,0.6,0.875,0.0,0.7692,,195.3,4.45,1.2602,8.86,0.5777,3.53,0.0072,0.0593,0.8106,-0.0061,0.027,-1.1347,17,random
91,745472,3106,36,938.5,1733.3,4.7,4.7,0.8333,0.875,0.75,0.0,0.8333,,299.5,6.36,1.2736,9.45,0.567,3.57,0.0059,0.058,0.7438,-0.007,0.04,-1.1687,18,random
92,753664,3132,26,948.9,1466.6,5.6,4.7,0.8462,0.75,1.0,0.0,0.8462,,253.6,5.88,1.2453,8.96,0.5679,3.47,0.0067,0.0557,0.7724,-0.0063,0.0295,-1.1194,18,random
93,761856,3163,31,958.7,1646.0,5.0,4.6,0.5,0.375,0.6667,0.0,0.5,,279.2,6.77,1.2351,8.76,0.569,3.44,0.008,0.0594,0.8205,-0.0065,0.0298,-1.1427,18,random
94,770048,3195,32,968.7,1528.0,5.4,4.5,0.8125,0.7,1.0,0.0,0.8125,,265.3,6.38,1.2904,9.96,0.5614,3.63,0.0064,0.065,0.8077,-0.0058,0.0267,-1.1699,18,random
95,778240,3219,24,978.7,1510.8,5.4,4.2,0.8182,0.6,1.0,0.0,0.8182,,274.0,6.46,1.2655,9.5,0.5622,3.54,0.0066,0.0721,0.8682,-0.0042,0.0198,-1.1163,18,random
96,786432,3253,34,989.1,1365.1,6.0,4.4,0.65,0.5714,0.6923,0.0,0.65,,263.2,6.79,1.2287,9.09,0.5566,3.42,0.0067,0.0572,0.8282,-0.0073,0.0314,-1.1048,19,random
97,794624,3289,36,999.3,1427.5,5.7,4.5,0.875,0.8571,0.8889,0.0,0.875,,271.1,6.14,1.2421,9.29,0.5571,3.46,0.0058,0.0562,0.8044,-0.0061,0.032,-1.1331,19,random
98,802816,3323,34,1008.9,1623.8,5.0,4.1,0.65,0.625,0.6667,0.0,0.65,,236.8,6.09,1.2114,9.03,0.5505,3.36,0.0074,0.0567,0.7749,-0.0079,0.0367,-1.114,19,random
99,811008,3353,30,1018.3,1575.6,5.2,4.0,0.7273,0.5,0.8571,0.0,0.7273,,249.6,5.67,1.2069,8.81,0.5547,3.34,0.007,0.0697,0.8042,-0.0053,0.0342,-1.096,19,random
100,819200,3377,24,1028.0,1450.6,5.6,4.0,0.7857,0.5,0.9,0.0,0.7857,,206.5,5.58,1.1505,8.06,0.5514,3.16,0.0082,0.0656,0.8619,-0.0058,0.0246,-1.0753,19,random
101,827392,3418,41,1038.1,1361.1,6.0,4.0,0.8,0.6,0.8667,0.0,0.8,,269.8,6.05,1.2153,9.29,0.5453,3.37,0.0063,0.0703,0.7874,-0.0065,0.0434,-1.1029,20,random
102,835584,3453,35,1049.0,1210.6,6.8,4.3,0.8421,0.75,1.0,0.0,0.8421,,256.9,6.34,1.1836,8.87,0.5423,3.27,0.0077,0.07,0.7891,-0.0058,0.0343,-1.0951,20,random
103,843776,3484,31,1059.4,1352.5,6.1,4.5,0.75,0.5,1.0,0.0,0.75,,276.1,6.68,1.2273,9.83,0.5371,3.41,0.0065,0.0624,0.7919,-0.006,0.0303,-1.1188,20,random
104,851968,3521,37,1070.5,1267.7,6.5,4.8,0.65,0.7273,0.5556,0.0,0.65,,230.6,6.11,1.2577,10.07,0.5446,3.52,0.0055,0.06,0.7305,-0.0071,0.0401,-1.1553,20,random
105,860160,3560,39,1081.2,1404.9,5.8,5.1,0.5714,0.5,0.6667,0.0,0.5714,,252.9,6.21,1.2711,10.13,0.5489,3.56,0.0071,0.0663,0.7261,-0.007,0.0383,-1.1296,20,random
106,868352,3598,38,1091.8,1524.1,5.4,5.2,0.7826,0.8333,0.7273,0.0,0.7826,,201.1,5.21,1.2782,9.98,0.5556,3.59,0.0058,0.0573,0.7745,-0.0071,0.0383,-1.1511,21,random
107,876544,3627,29,1102.0,1695.4,4.8,5.2,0.8947,0.9,0.8889,0.0,0.8947,,222.0,5.9,1.2512,10.46,0.5331,3.49,0.0065,0.064,0.796,-0.0069,0.0318,-1.1463,21,random
108,884736,3657,30,1111.8,1834.8,4.5,5.3,0.7895,0.9,0.6667,0.0526,0.7895,,211.9,5.6,1.2044,9.48,0.5354,3.33,0.0062,0.0561,0.8327,-0.0067,0.027,-1.1288,21,random
109,892928,3692,35,1121.8,1769.5,4.6,5.3,0.7895,0.7,0.8889,0.0,0.7895,,227.4,5.43,1.2334,10.07,0.534,3.43,0.0064,0.0665,0.8342,-0.0078,0.0286,-1.1028,21,random
110,901120,3724,32,1131.7,1849.9,4.4,5.1,0.8,0.625,1.0,0.0,0.8,,261.3,5.78,1.2083,9.68,0.5322,3.35,0.0067,0.0666,0.8172,-0.0079,0.0286,-1.0839,21,random
111,909312,3760,36,1141.9,1629.1,5.0,5.1,0.8571,0.8,1.0,0.0,0.8571,,268.2,5.72,1.1901,9.81,0.5211,3.29,0.0079,0.0597,0.7844,-0.0066,0.0347,-1.1036,22,random
112,917504,3793,33,1151.7,1794.4,4.6,4.7,0.7222,0.6364,0.8571,0.0,0.7222,,241.2,5.82,1.1985,9.82,0.5248,3.32,0.0069,0.0604,0.8179,-0.0072,0.0279,-1.1058,22,random
113,925696,3814,21,1161.0,1796.6,4.6,4.5,0.8182,0.6667,1.0,0.0,0.8182,,248.8,6.0,1.2494,10.75,0.5261,3.49,0.0068,0.0572,0.8387,-0.0075,0.024,-1.1067,22,random
114,933888,3839,25,1170.3,1732.3,4.7,4.2,0.7778,0.6,1.0,0.0,0.7778,,349.2,7.6,1.2282,10.63,0.5197,3.41,0.0095,0.0656,0.8275,-0.0063,0.0263,-1.113,22,random
115,942080,3861,22,1179.7,1614.6,5.1,4.1,0.6667,0.6667,0.6667,0.0,0.6667,,305.8,7.0,1.1761,10.69,0.4964,3.24,0.0091,0.0849,0.778,-0.0068,0.0315,-1.0787,22,random
116,950272,3883,22,1188.9,1632.3,5.0,4.6,1.0,1.0,1.0,0.0,1.0,,382.3,7.5,1.1391,10.29,0.4886,3.12,0.0082,0.0785,0.823,-0.0059,0.0242,-1.0702,23,random
117,958464,3908,25,1198.6,1614.1,5.1,4.8,0.6364,0.8,0.5,0.0,0.6364,,336.4,7.4,1.1913,10.77,0.5012,3.29,0.0065,0.0786,0.7915,-0.0061,0.032,-1.0829,23,random
118,966656,3940,32,1209.1,1471.7,5.6,4.7,0.8333,0.8571,0.8182,0.0,0.8333,,297.7,7.16,1.1812,10.56,0.501,3.26,0.0063,0.0654,0.8447,-0.0076,0.0256,-1.0779,23,random
119,974848,3966,26,1218.6,1772.6,4.6,5.0,0.6923,0.5,1.0,0.0,0.6923,,355.7,7.77,1.1617,10.11,0.5021,3.2,0.007,0.0699,0.8696,-0.0063,0.0193,-1.0598,23,random
120,983040,3990,24,1228.2,1801.6,4.5,5.1,0.7143,0.5714,0.8571,0.0,0.7143,,293.1,7.25,1.1334,10.13,0.4895,3.11,0.0077,0.0778,0.8624,-0.0075,0.0204,-1.07,23,random
121,991232,4008,18,1238.0,1811.8,4.5,5.1,0.75,0.6667,0.8,0.0,0.75,,350.8,7.28,1.1334,10.04,0.4913,3.11,0.0077,0.0677,0.8667,-0.0058,0.0222,-1.0297,24,random
122,999424,4041,33,1248.5,1548.0,5.3,5.1,0.6667,0.6,0.8,0.0,0.6667,,351.9,7.79,1.1044,9.72,0.4857,3.02,0.0055,0.0596,0.8866,-0.007,0.0211,-1.0357,24,random
123,1007616,4068,27,1259.0,1547.3,5.3,5.0,0.7333,0.7,0.8,0.0667,0.7333,,299.0,7.15,1.1258,9.72,0.495,3.08,0.0079,0.0674,0.8536,-0.0075,0.0234,-1.0255,24,random
124,1015808,4090,22,1268.9,1723.9,4.8,5.1,0.5,0.375,1.0,0.1,0.5,,340.1,8.14,1.0792,9.56,0.478,2.94,0.0072,0.0661,0.8673,-0.0066,0.0213,-1.0179,24,random
125,1024000,4123,33,1278.5,1847.0,4.4,5.2,0.8571,0.8,0.8889,0.0,0.8571,,290.4,6.85,1.1287,10.04,0.4893,3.09,0.0102,0.0812,0.7786,-0.0065,0.033,-1.0336,24,random
126,1032192,4139,16,1288.4,1767.0,4.6,4.8,0.6667,0.5,1.0,0.0,0.6667,,267.9,6.19,1.0941,9.59,0.484,2.99,0.0066,0.0572,0.8831,-0.0066,0.0199,-1.0183,25,random
127,1040384,4174,35,1298.1,1701.1,4.8,4.6,0.7333,0.75,0.7143,0.0667,0.7333,,354.9,8.09,1.1643,10.86,0.4881,3.2,0.0061,0.0732,0.7728,-0.0073,0.0369,-1.0581,25,random
128,1048576,4201,27,1307.9,1588.5,5.2,4.3,0.8,0.7143,0.875,0.0,0.8,,254.1,6.15,1.0958,9.87,0.4787,2.99,0.0067,0.0631,0.7869,-0.0055,0.0294,-1.0008,25,random
129,1056768,4234,33,1317.7,1484.6,5.5,4.0,0.6875,0.5,0.8,0.0,0.6875,,289.4,6.82,1.1027,9.8,0.483,3.01,0.012,0.0869,0.8158,-0.0066,0.0295,-0.9962,25,random
130,1064960,4265,31,1327.3,1493.9,5.5,4.1,0.7143,0.6667,0.75,0.0,0.7143,,221.7,5.19,1.1159,9.74,0.4902,3.05,0.0065,0.0699,0.6848,-0.0064,0.0339,-1.0049,25,random
131,1073152,4292,27,1336.7,1559.4,5.3,4.1,0.7273,0.8333,0.6,0.0,0.7273,,299.7,7.0,1.0842,9.46,0.4825,2.96,0.0078,0.0785,0.7802,-0.0059,0.0272,-0.9917,26,random
132,1081344,4328,36,1346.5,1451.7,5.6,4.0,0.6667,0.5455,0.8571,0.0,0.6667,,268.0,6.14,1.11,9.67,0.4892,3.03,0.0077,0.0575,0.7111,-0.0068,0.0343,-0.9843,26,random
133,1089536,4363,35,1355.9,1556.9,5.3,4.0,0.7778,0.5,1.0,0.0,0.7778,,233.0,5.54,1.048,9.12,0.474,2.85,0.006,0.0623,0.7121,-0.0069,0.0352,-0.9895,26,random
134,1097728,4393,30,1365.6,1460.4,5.6,4.0,0.8,0.6,1.0,0.0,0.8,,254.2,5.63,1.0827,8.92,0.4947,2.95,0.0083,0.0724,0.7715,-0.0062,0.0331,-0.9993,26,random
135,1105920,4436,43,1375.9,1332.1,6.1,4.1,0.75,0.6364,0.8889,0.0,0.75,,239.4,5.77,1.1102,9.34,0.4969,3.03,0.0069,0.063,0.7395,-0.0073,0.0398,-0.9979,26,random
136,1114112,4486,50,1386.3,1301.0,6.3,4.0,0.7097,0.6471,0.7857,0.0323,0.7097,,184.0,4.98,1.1105,9.35,0.4967,3.04,0.0072,0.0701,0.7379,-0.0057,0.0433,-1.0109,27,random
137,1122304,4514,28,1396.2,1403.2,5.8,4.1,0.8333,0.875,0.75,0.0,0.8333,,235.1,5.36,1.0967,9.68,0.4831,2.99,0.0099,0.0648,0.7937,-0.0058,0.0331,-0.9982,27,random
138,1130496,4563,49,1406.7,1302.9,6.3,4.0,0.6522,0.5455,0.75,0.0,0.6522,,194.9,4.69,1.0865,9.63,0.4798,2.96,0.0107,0.0714,0.6884,-0.0055,0.048,-0.9758,27,random
139,1138688,4605,42,1416.5,1429.6,5.7,4.1,0.7619,0.5833,1.0,0.0,0.7619,,196.8,4.88,1.1055,10.26,0.4748,3.02,0.0059,0.0578,0.7522,-0.0064,0.0395,-0.9639,27,random
140,1146880,4638,33,1426.2,1464.9,5.6,4.1,0.7333,0.75,0.7143,0.0,0.7333,,221.0,5.39,1.0406,9.57,0.4606,2.83,0.007,0.0642,0.7438,-0.0063,0.0384,-0.9605,27,random
141,1155072,4672,34,1436.0,1463.6,5.6,4.1,0.8421,0.7778,0.9,0.0,0.8421,,224.7,5.62,1.0604,10.34,0.454,2.89,0.0055,0.0596,0.76,-0.0051,0.0317,-0.9559,28,random
142,1163264,4707,35,1445.4,1550.6,5.3,4.3,0.8667,0.8333,0.8889,0.0,0.8667,,206.0,4.8,1.096,10.45,0.4671,2.99,0.009,0.0851,0.7884,-0.008,0.0351,-0.9894,28,random
143,1171456,4758,51,1454.9,1618.5,5.1,4.4,0.8696,0.7692,1.0,0.0435,0.8696,,211.5,4.75,1.1022,10.34,0.4718,3.01,0.0083,0.0656,0.765,-0.0058,0.0412,-0.9669,28,random
144,1179648,4788,30,1464.7,1537.6,5.3,4.5,0.6923,0.5714,0.8333,0.0,0.6923,,202.1,4.63,1.0464,10.2,0.4505,2.85,0.0069,0.0686,0.8299,-0.0069,0.0296,-0.9425,28,random
145,1187840,4816,28,1474.1,1695.4,4.8,4.9,0.8824,0.8,1.0,0.0,0.8824,,214.4,5.5,1.0264,10.18,0.4424,2.79,0.0087,0.0733,0.8831,-0.0064,0.0216,-0.9869,28,random
146,1196032,4849,33,1483.5,1881.6,4.4,5.3,0.8125,1.0,0.7,0.0,0.8125,,237.8,5.55,1.0562,10.22,0.4544,2.88,0.0083,0.0757,0.7787,-0.0073,0.0357,-0.9393,29,random
147,1204224,4882,33,1493.4,1812.9,4.5,5.0,0.8,0.8,0.8,0.0,0.8,,292.3,6.27,1.0259,10.51,0.4361,2.79,0.0088,0.0803,0.8482,-0.0065,0.0302,-0.9412,29,random
148,1212416,4906,24,1503.0,1785.6,4.6,4.6,0.8889,0.8333,1.0,0.0,0.8889,,278.4,5.92,1.0705,10.79,0.4501,2.92,0.0078,0.0681,0.8763,-0.0064,0.0227,-0.9726,29,random
149,1220608,4936,30,1513.2,1501.0,5.5,4.5,0.8462,0.8889,0.75,0.0,0.8462,,246.9,5.47,1.107,11.28,0.4569,3.03,0.0082,0.0739,0.8342,-0.0066,0.0367,-0.9933,29,random
150,1228800,4977,41,1523.9,1330.1,6.2,4.6,0.7727,0.8333,0.75,0.0,0.7727,,267.0,6.1,1.0928,10.99,0.4559,2.98,0.0066,0.064,0.8216,-0.007,0.0332,-0.9892,29,random
151,1236992,5009,32,1534.3,1451.0,5.6,4.7,0.8095,0.9,0.7273,0.0,0.8095,,246.4,5.94,1.0517,10.75,0.4429,2.86,0.007,0.0606,0.7997,-0.007,0.0396,-0.9611,30,random
152,1245184,5036,27,1544.4,1534.7,5.3,4.3,0.8235,1.0,0.7273,0.0,0.8235,,231.1,5.85,1.0745,11.55,0.4392,2.93,0.0069,0.0677,0.8172,-0.0064,0.0339,-0.9711,30,random
153,1253376,5066,30,1554.6,1418.7,5.8,4.2,0.7143,0.6667,0.8,0.0,0.7143,,279.9,6.1,1.0502,11.25,0.4338,2.86,0.009,0.0758,0.8441,-0.0091,0.0289,-0.9593,30,random
154,1261568,5099,33,1564.7,1411.9,5.8,4.3,0.8235,0.875,0.7778,0.0,0.8235,,305.2,6.76,1.0752,11.85,0.4349,2.93,0.0079,0.0919,0.8288,-0.0058,0.035,-0.9722,30,random
155,1269760,5126,27,1574.6,1482.5,5.5,4.3,0.8333,1.0,0.7143,0.0,0.8333,,269.0,5.89,1.0419,11.5,0.4266,2.83,0.0076,0.0674,0.804,-0.0061,0.0367,-0.9526,30,random
156,1277952,5155,29,1584.7,1429.7,5.7,4.2,0.7059,0.6667,0.75,0.0,0.7059,,304.6,6.72,1.0698,11.79,0.4336,2.91,0.008,0.0834,0.8377,-0.0063,0.0279,-0.9408,31,random
157,1286144,5180,25,1594.8,1415.6,5.8,4.3,0.7647,0.5,0.9091,0.0,0.7647,,245.0,6.0,1.0533,11.76,0.4273,2.87,0.0103,0.1,0.8455,-0.0028,0.026,-0.9585,31,random
158,1294336,5208,28,1605.4,1317.6,6.2,4.3,0.9333,0.8333,1.0,0.0,0.9333,,266.1,6.11,1.0992,12.6,0.4339,3.0,0.0086,0.0745,0.8149,-0.0073,0.0292,-0.9807,31,random
159,1302528,5241,33,1615.9,1350.4,6.1,4.4,0.7222,0.6923,0.8,0.0,0.7222,,340.6,7.36,1.093,12.41,0.434,2.98,0.0139,0.0923,0.8271,-0.0053,0.029,-1.009,31,random
160,1310720,5268,27,1626.4,1378.4,5.9,4.3,0.9412,0.8333,1.0,0.0,0.9412,,301.0,6.74,1.0451,11.82,0.4231,2.84,0.0079,0.0822,0.8423,-0.0072,0.0224,-0.9559,31,random
161,1318912,5298,30,1636.2,1508.7,5.4,4.2,0.9375,0.8889,1.0,0.0,0.9375,,270.3,6.47,1.0302,11.57,0.4207,2.8,0.0077,0.0899,0.8178,-0.0069,0.0269,-0.9422,32,random
162,1327104,5321,23,1646.2,1438.0,5.7,4.2,0.9091,1.0,0.8333,0.0,0.9091,,241.1,5.35,1.0252,12.35,0.4079,2.79,0.0074,0.0663,0.8243,-0.007,0.0285,-0.9311,32,random
163,1335296,5347,26,1656.0,1495.6,5.5,4.1,0.8667,0.9,0.8,0.0,0.8667,,349.8,7.73,1.0078,12.33,0.4012,2.74,0.0094,0.0884,0.8694,-0.0084,0.0182,-0.9208,32,random
164,1343488,5381,34,1666.2,1371.1,6.0,4.2,0.95,1.0,0.9091,0.0,0.95,,261.0,5.85,1.0086,11.68,0.4104,2.74,0.0089,0.0771,0.8032,-0.0066,0.0323,-0.9396,32,random
165,1351680,5403,22,1676.0,1488.5,5.5,4.3,0.9167,0.875,1.0,0.0,0.9167,,285.4,6.32,1.0396,12.98,0.4056,2.83,0.0081,0.068,0.8604,-0.0072,0.0241,-0.9173,32,random
166,1359872,5431,28,1685.9,1502.6,5.5,4.5,0.9286,0.9,1.0,0.0,0.9286,,348.5,7.18,0.9916,12.44,0.3933,2.7,0.0081,0.0724,0.8634,-0.0074,0.0236,-0.8951,33,random
167,1368064,5462,31,1695.5,1650.2,5.0,4.8,0.7647,0.5714,0.9,0.0588,0.7647,,289.5,6.23,1.0128,12.54,0.4005,2.75,0.0101,0.0775,0.8158,-0.007,0.0304,-0.9035,33,random
168,1376256,5483,21,1705.3,1685.8,4.9,5.2,0.9091,1.0,0.8,0.0,0.9091,,286.2,6.0,1.0021,12.83,0.3926,2.72,0.0111,0.086,0.8779,-0.0064,0.0199,-0.8948,33,random
169,1384448,5512,29,1715.2,1748.4,4.7,5.3,1.0,1.0,1.0,0.0,1.0,,305.8,6.14,0.9734,12.15,0.3897,2.65,0.0086,0.0829,0.855,-0.008,0.026,-0.8819,33,random
170,1392640,5549,37,1725.5,1672.9,4.9,5.4,0.9,1.0,0.8182,0.0,0.9,,270.2,5.65,0.9648,12.06,0.3875,2.62,0.0102,0.076,0.7572,-0.0069,0.0365,-0.8631,33,random
171,1400832,5573,24,1735.3,1876.8,4.4,5.2,1.0,1.0,1.0,0.0,1.0,,316.9,6.08,0.9471,12.58,0.3741,2.58,0.008,0.074,0.8583,-0.0063,0.0216,-0.8641,34,random
172,1409024,5599,26,1745.3,1724.7,4.7,5.1,0.6154,0.6667,0.5714,0.0,0.6154,,296.4,6.23,0.9678,12.43,0.384,2.63,0.0075,0.0704,0.7865,-0.0061,0.031,-0.8563,34,random
173,1417216,5626,27,1755.3,1736.1,4.7,4.8,0.8125,0.9,0.6667,0.0,0.8125,,280.0,6.11,0.9656,13.58,0.3702,2.63,0.0084,0.0849,0.8042,-0.0062,0.0256,-0.8515,34,random
174,1425408,5646,20,1765.0,1684.0,4.9,4.3,0.6667,0.75,0.6,0.0,0.6667,,338.6,6.65,0.923,12.81,0.362,2.52,0.0119,0.0772,0.8436,-0.0066,0.0227,-0.8625,34,random
175,1433600,5667,21,1774.7,1545.6,5.3,4.2,1.0,1.0,1.0,0.0,1.0,,406.3,7.33,0.9438,12.67,0.3716,2.57,0.0088,0.0742,0.8276,-0.008,0.0232,-0.87,34,random
176,1441792,5698,31,1784.8,1411.5,5.8,4.1,0.9167,0.8333,1.0,0.0,0.9167,,334.2,6.48,0.9535,13.73,0.3641,2.59,0.0086,0.077,0.8133,-0.0068,0.0278,-0.8618,35,random
177,1449984,5727,29,1794.7,1450.8,5.6,4.3,0.6875,0.75,0.6667,0.0,0.6875,,268.6,5.83,0.9334,12.51,0.3695,2.54,0.0081,0.0712,0.76,-0.0076,0.0468,-0.8496,35,random
178,1458176,5751,24,1804.5,1518.7,5.4,4.8,0.8667,0.7778,1.0,0.0,0.8667,,258.5,5.46,0.9559,13.96,0.3626,2.6,0.0065,0.0715,0.8755,-0.0058,0.0232,-0.8934,35,random
179,1466368,5774,23,1813.8,1871.9,4.4,5.1,0.75,0.8182,0.0,0.0,0.75,,365.9,7.35,0.9475,13.87,0.3603,2.58,0.0093,0.0862,0.7965,-0.0046,0.0393,-0.8425,35,random
180,1474560,5793,19,1823.3,1897.0,4.3,5.5,0.875,0.8,1.0,0.0,0.875,,344.1,6.37,0.9555,14.48,0.3575,2.6,0.0081,0.0826,0.9016,-0.0066,0.0224,-0.8801,35,random
181,1482752,5824,31,1833.6,1752.2,4.7,5.2,0.7333,0.5714,0.875,0.0,0.7333,,340.9,6.55,0.9421,14.15,0.3556,2.57,0.0116,0.0814,0.7396,-0.0023,0.045,-0.8577,36,random
182,1490944,5842,18,1843.4,1794.6,4.6,4.8,0.8,0.8,0.8,0.0,0.8,,339.7,6.44,0.9356,14.39,0.3509,2.55,0.0091,0.0852,0.8861,-0.0067,0.0146,-0.8347,36,random
183,1499136,5861,19,1853.2,1679.7,4.9,4.6,1.0,1.0,1.0,0.0,1.0,,370.3,7.21,0.9369,14.03,0.3548,2.55,0.0075,0.0937,0.8634,-0.0057,0.0212,-0.874,36,random
184,1507328,5891,30,1863.2,1539.1,5.3,4.3,0.9,1.0,0.6667,0.0,0.9,,415.5,7.13,0.9323,13.34,0.3599,2.54,0.0094,0.0788,0.7032,-0.006,0.0387,-0.8552,36,random
185,1515520,5917,26,1873.3,1423.2,5.8,4.3,0.7273,0.7143,0.75,0.0,0.7273,,296.2,5.58,0.8982,12.93,0.3509,2.46,0.0103,0.1068,0.6788,-0.0032,0.038,-0.824,36,random
186,1523712,5945,28,1883.7,1368.8,6.0,4.3,0.6471,0.7143,0.6,0.0,0.6471,,272.8,5.82,0.9077,14.59,0.3386,2.48,0.0084,0.0626,0.7327,-0.0064,0.0335,-0.8101,37,random
187,1531904,5970,25,1894.0,1385.7,5.9,4.5,0.6923,0.8,0.625,0.0,0.6923,,319.0,6.36,0.9112,14.09,0.3444,2.49,0.0088,0.0745,0.7444,-0.0064,0.0341,-0.8331,37,random
188,1540096,6001,31,1904.3,1465.4,5.6,4.5,0.9375,0.8889,1.0,0.0,0.9375,,268.9,5.45,0.8921,13.08,0.347,2.44,0.009,0.08,0.6594,-0.0065,0.0332,-0.8399,37,random
189,1548288,6027,26,1914.8,1375.1,6.0,4.7,0.7273,0.6667,0.8,0.0,0.7273,,349.0,6.46,0.9236,13.46,0.3553,2.52,0.0064,0.0633,0.757,-0.0065,0.0269,-0.8334,37,random
190,1556480,6051,24,1925.4,1415.4,5.8,4.8,0.9412,0.9091,1.0,0.0,0.9412,,274.1,6.29,0.9331,14.76,0.3467,2.54,0.0088,0.0827,0.8273,-0.0063,0.0199,-0.8619,37,random
191,1564672,6076,25,1935.4,1589.4,5.2,5.1,0.9167,0.75,1.0,0.0,0.9167,,353.8,7.12,0.9178,14.5,0.3432,2.5,0.009,0.0746,0.8163,-0.0076,0.0233,-0.8357,38,random
192,1572864,6099,23,1945.6,1678.2,4.9,5.5,0.7273,0.5,0.8571,0.0,0.7273,,322.7,6.48,0.9242,14.38,0.3466,2.52,0.0099,0.0835,0.7582,-0.0096,0.0292,-0.8216,38,random
193,1581056,6123,24,1956.3,1605.6,5.1,5.3,0.6923,0.6667,0.7143,0.0,0.6923,,378.4,7.08,0.8584,13.71,0.3279,2.36,0.0089,0.0798,0.7705,-0.0069,0.0286,-0.8085,38,random
194,1589248,6147,24,1966.4,1730.5,4.7,5.5,0.8182,0.75,0.8571,0.0,0.8182,,331.9,6.58,0.8644,13.75,0.3298,2.37,0.0153,0.0966,0.7224,-0.0039,0.0267,-0.8243,38,random
195,1597440,6178,31,1977.2,1599.3,5.1,5.6,0.7273,0.75,0.6667,0.0,0.7273,,358.6,6.42,0.8991,14.75,0.3341,2.46,0.0083,0.0935,0.6775,-0.0046,0.0335,-0.7886,38,random
196,1605632,6192,14,1987.7,1712.6,4.8,5.3,0.4,0.4,0.4,0.0,0.4,,285.0,6.57,0.8726,13.6,0.3343,2.39,0.008,0.0725,0.8257,-0.0065,0.0196,-0.8001,39,random
197,1613824,6215,23,1998.1,1634.3,5.0,5.5,1.0,1.0,1.0,0.0,1.0,,349.6,6.26,0.8976,13.89,0.3412,2.45,0.0121,0.0967,0.7945,-0.0063,0.0259,-0.8318,39,random
198,1622016,6247,32,2009.0,1542.0,5.3,5.6,0.7895,0.6667,0.9,0.0,0.7895,,340.0,6.78,0.8521,14.31,0.3202,2.34,0.0059,0.0623,0.7899,-0.0066,0.0243,-0.7776,39,random
199,1630208,6267,20,2019.5,1701.4,4.8,5.2,0.6364,0.625,0.6667,0.0,0.6364,,298.9,6.2,0.8646,14.12,0.3266,2.37,0.01,0.0714,0.8212,-0.005,0.0208,-0.7958,39,random
200,1638400,6301,34,2029.9,1637.0,5.0,5.0,0.9412,0.9,1.0,0.0,0.9412,,342.6,6.35,0.8503,13.49,0.3268,2.34,0.0092,0.0771,0.797,-0.0086,0.0271,-0.7913,39,random
201,1646592,6323,22,2040.1,1584.5,5.2,4.2,0.6,0.5,0.6667,0.0,0.6,,298.1,5.64,0.8942,13.7,0.3416,2.45,0.0078,0.069,0.8702,-0.007,0.0194,-0.7824,40,random
202,1654784,6349,26,2050.2,1402.5,5.8,4.2,0.8,0.8,0.8,0.0,0.8,,346.1,6.23,0.8384,14.13,0.3165,2.31,0.0078,0.0701,0.8716,-0.0088,0.0208,-0.7655,40,random
203,1662976,6371,22,2059.5,1629.1,5.0,4.7,1.0,1.0,1.0,0.0,1.0,,258.4,5.14,0.8405,14.71,0.3126,2.32,0.0069,0.0667,0.8258,-0.0063,0.0236,-0.7503,40,random
204,1671168,6394,23,2069.0,1774.5,4.6,5.3,0.7,0.6667,0.75,0.0,0.7,,345.0,6.48,0.793,14.34,0.2978,2.21,0.0091,0.0699,0.8234,-0.0058,0.0254,-0.742,40,random
205,1679360,6423,29,2079.3,1684.9,4.9,5.6,0.7273,0.6667,1.0,0.0,0.7273,,340.6,6.0,0.7765,14.04,0.2939,2.17,0.0087,0.0754,0.8413,-0.0061,0.0247,-0.7077,40,random
206,1687552,6451,28,2090.2,1551.5,5.3,5.3,0.9231,0.9,1.0,0.0,0.9231,,303.2,5.5,0.7892,13.17,0.3062,2.2,0.0109,0.0827,0.8327,-0.0065,0.0255,-0.7297,41,random
207,1695744,6482,31,2101.3,1445.2,5.7,5.5,0.7059,1.0,0.6154,0.0,0.7059,,325.4,6.48,0.8205,13.81,0.3125,2.27,0.0075,0.0775,0.7822,-0.0071,0.034,-0.7502,41,random
208,1703936,6503,21,2112.4,1495.4,5.5,5.7,0.8889,1.0,0.75,0.0,0.8889,,296.1,5.71,0.8251,14.25,0.3105,2.28,0.0085,0.0835,0.824,-0.0049,0.0201,-0.745,41,random
209,1712128,6529,26,2123.3,1595.6,5.1,5.5,0.7059,0.6364,0.8333,0.0,0.7059,,302.0,6.5,0.8168,13.93,0.3101,2.26,0.0074,0.0678,0.7939,-0.0062,0.0247,-0.7326,41,random
210,1720320,6550,21,2133.7,1674.9,4.9,5.1,0.6667,0.6,0.7143,0.0,0.6667,,294.9,6.1,0.8611,15.39,0.315,2.37,0.0094,0.1029,0.8741,-0.0046,0.0198,-0.782,41,random
211,1728512,6579,29,2144.1,1582.6,5.2,5.0,0.5714,0.5,0.6,0.0,0.5714,,347.4,6.28,0.8384,14.8,0.3111,2.31,0.0076,0.0801,0.8232,-0.0049,0.027,-0.7738,42,random
212,1736704,6600,21,2154.9,1443.1,5.7,4.9,0.6667,0.6667,0.6667,0.0,0.6667,,305.8,5.81,0.865,14.21,0.326,2.38,0.0069,0.072,0.8134,-0.0047,0.0272,-0.7848,42,random
213,1744896,6632,32,2165.9,1381.5,5.9,5.2,0.7857,0.8182,0.6667,0.0,0.7857,,350.5,6.44,0.8633,14.55,0.3224,2.37,0.0095,0.0873,0.8133,-0.0063,0.0258,-0.7849,42,random
214,1753088,6659,27,2176.4,1553.8,5.3,5.1,0.7143,0.6667,0.8,0.0,0.7143,,269.0,5.37,0.8089,13.47,0.311,2.25,0.0072,0.0689,0.7441,-0.0066,0.0278,-0.7696,42,random
215,1761280,6687,28,2187.1,1483.0,5.5,5.2,0.9231,0.8571,1.0,0.0,0.9231,,325.7,6.39,0.8203,13.65,0.3138,2.27,0.0084,0.0779,0.8412,-0.007,0.0189,-0.7874,42,random
216,1769472,6712,25,2197.6,1587.1,5.2,5.2,0.5714,0.4444,0.8,0.0,0.5714,,328.3,6.6,0.8903,14.59,0.3322,2.44,0.0074,0.0808,0.8063,-0.0069,0.0247,-0.7737,43,random
217,1777664,6728,16,2207.8,1683.4,4.9,5.0,0.6667,0.6667,0.6667,0.0,0.6667,,397.9,7.56,0.8044,13.71,0.3073,2.24,0.0078,0.0696,0.8697,-0.0075,0.0164,-0.7579,43,random
218,1785856,6746,18,2218.3,1509.3,5.4,5.1,1.0,1.0,1.0,0.0,1.0,,412.1,7.33,0.8232,14.11,0.311,2.28,0.0081,0.066,0.8617,-0.0052,0.0178,-0.7552,43,random
219,1794048,6774,28,2229.0,1480.0,5.5,5.3,0.6875,0.5,0.875,0.0,0.6875,,337.6,7.32,0.8507,14.24,0.3203,2.34,0.0069,0.0765,0.8747,-0.0062,0.0213,-0.7792,43,random
220,1802240,6799,25,2239.8,1518.3,5.4,5.1,0.7692,0.7143,0.8333,0.0,0.7692,,297.7,6.04,0.8496,14.29,0.3194,2.34,0.0075,0.0626,0.834,-0.0066,0.0213,-0.7755,43,random
221,1810432,6829,30,2250.6,1471.4,5.6,5.0,0.8,0.75,0.8571,0.0,0.8,,321.4,6.4,0.8579,13.91,0.3258,2.36,0.0091,0.0856,0.7753,-0.0057,0.0355,-0.7751,44,random
222,1818624,6850,21,2261.7,1355.9,6.0,5.1,0.5,0.6667,0.4286,0.0,0.5,,352.8,6.67,0.8815,14.64,0.3285,2.41,0.0103,0.0816,0.8763,-0.0069,0.0201,-0.7708,44,random
223,1826816,6874,24,2272.8,1399.4,5.9,4.8,0.6875,0.5,0.875,0.0,0.6875,,286.0,6.21,0.8106,13.84,0.3085,2.25,0.0088,0.0798,0.8324,-0.0056,0.0215,-0.7617,44,random
224,1835008,6904,30,2283.1,1513.5,5.4,4.8,0.7222,0.7,0.75,0.0,0.7222,,319.0,6.63,0.8775,13.73,0.335,2.4,0.0092,0.0797,0.8689,-0.0062,0.0209,-0.8068,44,random
225,1843200,6935,31,2293.5,1488.2,5.5,4.7,0.7778,0.75,0.8,0.0,0.7778,,300.0,5.87,0.8516,13.15,0.3305,2.34,0.0053,0.0506,0.8272,-0.0061,0.0246,-0.7981,44,random
226,1851392,6953,18,2303.7,1501.8,5.5,3.9,0.7778,1.0,0.5,0.0,0.7778,,337.0,6.11,0.8449,13.65,0.3233,2.33,0.007,0.0692,0.8466,-0.008,0.0203,-0.7953,45,random
227,1859584,6978,25,2312.2,1820.5,4.5,4.0,0.75,0.75,0.75,0.0,0.75,,330.0,6.36,0.8788,14.42,0.3293,2.41,0.0072,0.0658,0.8483,-0.0077,0.0214,-0.812,45,random
228,1867776,7013,35,2320.9,1726.9,4.7,3.9,0.8571,0.7692,1.0,0.0,0.8571,,303.4,6.26,0.8521,14.18,0.3213,2.34,0.0066,0.0639,0.7913,-0.0065,0.0274,-0.7791,45,random
229,1875968,7033,20,2329.3,1891.4,4.3,3.9,0.9167,1.0,0.8333,0.0,0.9167,,278.8,5.55,0.8227,13.98,0.3119,2.28,0.0058,0.071,0.8052,-0.0059,0.0235,-0.7844,45,random
230,1884160,7054,21,2337.5,1921.1,4.3,4.0,0.8333,0.75,0.875,0.0,0.8333,,363.2,7.38,0.8156,13.48,0.3136,2.26,0.0076,0.0735,0.8266,-0.0076,0.0198,-0.7499,45,random
231,1892352,7077,23,2345.8,1938.7,4.2,3.9,1.0,1.0,1.0,0.0,1.0,,398.1,7.04,0.8095,13.51,0.3109,2.25,0.0074,0.0778,0.8158,-0.0044,0.0231,-0.7524,46,random
232,1900544,7104,27,2354.4,1733.5,4.7,3.9,0.75,1.0,0.6364,0.0,0.75,,324.1,6.93,0.843,13.79,0.3213,2.32,0.0062,0.0678,0.8216,-0.0055,0.0249,-0.7831,46,random
233,1908736,7124,20,2362.6,1975.7,4.1,3.9,0.75,0.8,0.6667,0.0,0.75,,366.9,7.1,0.8825,13.71,0.3371,2.42,0.0066,0.0721,0.8683,-0.0066,0.0175,-0.8013,46,random
234,1916928,7154,30,2371.2,1788.6,4.6,3.9,0.7143,0.6364,1.0,0.0,0.7143,,376.9,6.97,0.7862,12.58,0.3104,2.19,0.0087,0.0835,0.7846,-0.0063,0.029,-0.7388,46,random
235,1925120,7177,23,2379.8,1759.5,4.7,3.9,0.75,0.6667,0.8,0.0,0.75,,243.0,5.61,0.8099,13.31,0.3129,2.25,0.0075,0.073,0.8612,-0.0063,0.0181,-0.7507,46,random
236,1933312,7202,25,2387.7,2053.0,4.0,3.9,0.7692,0.7778,0.75,0.0,0.7692,,294.0,5.96,0.7968,13.6,0.3053,2.22,0.0077,0.0764,0.869,-0.007,0.0206,-0.7454,47,random
237,1941504,7232,30,2395.4,2156.3,3.8,3.8,0.8,0.6667,1.0,0.0,0.8,,340.1,6.13,0.812,12.77,0.3188,2.25,0.0066,0.0598,0.8847,-0.0077,0.019,-0.7319,47,random
238,1949696,7252,20,2403.8,1858.9,4.4,3.9,0.7143,0.5,0.8,0.0,0.7143,,327.2,5.9,0.8143,13.3,0.3147,2.26,0.0076,0.0666,0.8474,-0.0065,0.0242,-0.7269,47,random
239,1957888,7282,30,2411.7,2080.2,3.9,3.9,0.7,0.6429,0.8333,0.0,0.7,,312.5,6.63,0.7982,12.67,0.3144,2.22,0.0055,0.0688,0.796,-0.0061,0.0287,-0.7249,47,random
240,1966080,7309,27,2419.1,2353.7,3.5,3.9,0.6667,0.6667,0.6667,0.0,0.6667,,302.0,5.44,0.8672,14.27,0.3263,2.38,0.0083,0.0808,0.8572,-0.0061,0.0229,-0.7687,47,random
241,1974272,7322,13,2427.0,2145.8,3.8,3.9,0.6,0.3333,1.0,0.0,0.6,,281.5,4.92,0.8251,14.08,0.3119,2.28,0.0076,0.0668,0.8459,-0.0067,0.0178,-0.7283,48,random
242,1982464,7348,26,2435.0,2038.0,4.0,3.9,0.8,0.8,0.8,0.0,0.8,,397.2,7.0,0.8094,13.45,0.3114,2.25,0.0068,0.0647,0.8215,-0.0068,0.0245,-0.7478,48,random
243,1990656,7381,33,2443.2,1917.3,4.3,3.8,0.7857,0.8182,0.6667,0.0,0.7857,,352.8,6.45,0.7612,13.55,0.2921,2.14,0.0078,0.0706,0.7999,-0.0066,0.0287,-0.6889,48,random
244,1998848,7400,19,2451.6,1841.1,4.4,3.8,0.625,0.5,0.75,0.0,0.625,,320.0,5.68,0.7806,13.45,0.3003,2.18,0.0089,0.0774,0.8406,-0.0062,0.0195,-0.7124,48,random
245,2007040,7428,28,2460.0,1785.6,4.6,4.0,0.7692,0.6667,0.8571,0.0,0.7692,,351.8,6.89,0.8335,14.01,0.3158,2.3,0.0067,0.0669,0.8468,-0.006,0.0252,-0.7406,48,random
246,2015232,7463,35,2468.9,1684.8,4.9,3.8,0.6667,0.7,0.625,0.0,0.6667,,313.1,5.94,0.7787,12.67,0.3067,2.18,0.0081,0.0604,0.8223,-0.006,0.031,-0.7087,49,random
247,2023424,7487,24,2478.1,1564.1,5.2,3.8,0.7692,0.7143,0.8333,0.0,0.7692,,267.6,5.46,0.8146,13.43,0.3136,2.26,0.007,0.0762,0.844,-0.0066,0.0219,-0.731,49,random
248,2031616,7512,25,2487.2,1572.2,5.2,3.9,0.5882,0.5714,0.6,0.0588,0.5882,,313.6,7.16,0.7647,13.32,0.2953,2.15,0.0073,0.0663,0.8539,-0.007,0.0227,-0.7196,49,random
249,2039808,7534,22,2495.8,1792.9,4.6,3.9,0.3846,0.1667,0.5714,0.0,0.3846,,315.0,6.68,0.7679,12.67,0.3024,2.16,0.007,0.0751,0.7879,-0.0065,0.0264,-0.6951,49,random
250,2048000,7559,25,2503.9,1991.7,4.1,3.9,0.6364,0.8,0.5,0.0,0.6364,,332.4,6.4,0.7496,13.35,0.2893,2.12,0.0058,0.0488,0.7869,-0.0066,0.0246,-0.7035,49,random
251,2056192,7581,22,2511.8,2089.5,3.9,3.9,0.75,0.5,1.0,0.0,0.75,,343.5,6.86,0.7669,13.79,0.2923,2.15,0.0084,0.0721,0.8141,-0.0068,0.0193,-0.6818,50,random
252,2064384,7599,18,2519.6,2171.4,3.8,3.9,0.8,0.6667,1.0,0.0,0.8,,365.4,6.5,0.7925,12.48,0.3139,2.21,0.0075,0.0725,0.8752,-0.0068,0.0169,-0.7089,50,random
253,2072576,7618,19,2527.6,2030.2,4.0,3.9,0.875,0.8571,1.0,0.0,0.875,,389.3,7.26,0.7762,14.23,0.2923,2.17,0.0056,0.0587,0.8833,-0.0067,0.0168,-0.6924,50,random
254,2080768,7644,26,2535.9,1885.2,4.3,3.9,0.8889,1.0,0.8333,0.0,0.8889,,394.9,7.15,0.7478,13.03,0.2913,2.11,0.0078,0.0823,0.826,-0.0065,0.0239,-0.6793,50,random
255,2088960,7668,24,2544.2,1882.2,4.4,3.9,0.8462,0.6667,0.9,0.0,0.8462,,360.5,7.25,0.7419,12.83,0.2908,2.1,0.0064,0.063,0.7259,-0.0063,0.0271,-0.6882,50,random
256,2097152,7694,26,2552.2,2042.5,4.0,3.9,0.8125,1.0,0.5,0.0625,0.8125,,298.9,5.92,0.7124,13.53,0.2735,2.04,0.0084,0.0749,0.79,-0.0066,0.0221,-0.673,51,random
257,2105344,7709,15,2559.8,2224.5,3.7,3.9,1.0,1.0,1.0,0.0,1.0,,347.5,6.93,0.7432,13.32,0.287,2.1,0.008,0.0829,0.8808,-0.0053,0.013,-0.6707,51,random
258,2113536,7734,25,2568.0,1962.2,4.2,3.9,0.6364,0.6667,0.6,0.0,0.6364,,364.6,6.72,0.7566,13.82,0.2881,2.13,0.0092,0.0663,0.8275,-0.0067,0.0233,-0.677,51,random
259,2121728,7763,29,2576.8,1690.2,4.8,3.9,0.7333,0.8333,0.6667,0.0,0.7333,,379.4,6.86,0.7564,13.77,0.2884,2.13,0.0092,0.0699,0.816,-0.0059,0.023,-0.6856,51,random
260,2129920,7780,17,2585.1,1892.2,4.3,3.9,0.5,0.5,0.5,0.0,0.5,,336.0,6.47,0.7369,13.67,0.2818,2.09,0.0074,0.0813,0.8485,-0.0051,0.0201,-0.6953,51,random
261,2138112,7809,29,2593.7,1796.4,4.6,3.8,0.7857,1.0,0.625,0.0,0.7857,,386.8,7.14,0.7307,13.41,0.2815,2.08,0.0067,0.061,0.8232,-0.0063,0.0224,-0.6654,52,random
262,2146304,7833,24,2602.1,1813.1,4.5,3.9,0.6429,0.5,0.8333,0.0,0.6429,,315.3,6.38,0.7528,13.62,0.2883,2.12,0.008,0.0795,0.8025,-0.0066,0.0194,-0.64,52,random
263,2154496,7859,26,2610.3,1955.3,4.2,3.9,0.6429,0.6667,0.625,0.0,0.6429,,289.2,6.04,0.6991,13.53,0.2683,2.01,0.0086,0.0815,0.7848,-0.0088,0.0277,-0.6368,52,random
264,2162688,7880,21,2619.0,1716.0,4.8,3.9,0.875,1.0,0.75,0.0,0.875,,381.8,6.67,0.708,13.31,0.2735,2.03,0.0067,0.0655,0.7277,-0.0065,0.0269,-0.6352,52,random
265,2170880,7913,33,2628.4,1502.3,5.5,3.9,0.7368,0.8,0.6667,0.0526,0.7368,,319.3,6.52,0.7331,13.26,0.2836,2.08,0.0079,0.0641,0.8132,-0.007,0.0254,-0.6525,52,random
266,2179072,7941,28,2637.3,1650.7,5.0,3.9,0.75,0.8333,0.625,0.0,0.75,,273.2,6.0,0.6931,12.77,0.2721,2.0,0.0086,0.0788,0.7613,-0.0063,0.0309,-0.6236,53,random
267,2187264,7966,25,2646.0,1747.0,4.7,3.9,0.6,0.75,0.5,0.0,0.6,,344.3,6.36,0.6744,12.93,0.2635,1.96,0.0094,0.0709,0.7939,-0.0054,0.026,-0.6046,53,random
268,2195456,7993,27,2654.3,1903.9,4.3,3.9,0.8125,0.8333,0.8,0.0,0.8125,,273.4,6.19,0.6606,12.67,0.2602,1.94,0.0072,0.0624,0.7219,-0.0054,0.0296,-0.5964,53,random
